configuration,outlier_rate,repeat,method,solver_success,accurate,rotation_error_deg,translation_error_percent,time_ms,trials,num_inliers,inlier_precision,inlier_recall,inlier_f1
ordinary-3d,0.05,0,OpenCV-P3P-RANSAC,True,True,0.3575204955554388,0.6885223646623414,0.991257,-1,84,1.0,0.84,0.9130434782608696
ordinary-3d,0.05,0,OpenCV-AP3P-RANSAC,True,True,0.3575204955554388,0.6885223646623414,0.625099,-1,84,1.0,0.84,0.9130434782608696
ordinary-3d,0.05,0,OpenCV-EPNP-RANSAC,True,True,0.2476512170040014,0.1066400520904136,1.179807,-1,87,1.0,0.87,0.9304812834224598
ordinary-3d,0.05,0,OpenCV-SQPNP-RANSAC-REFINE,True,True,0.38244698466154414,0.09237459388420212,1.47968,-1,87,1.0,0.87,0.9304812834224598
ordinary-3d,0.05,0,LoP4P,True,True,0.4876953512295377,0.1517302744310478,16.693196,8,87,1.0,0.87,0.9304812834224598
ordinary-3d,0.05,0,RPnP++,True,True,0.06999726583966814,0.054176376098595186,0.861229,1,88,1.0,0.88,0.9361702127659575
ordinary-3d,0.25,0,OpenCV-P3P-RANSAC,True,True,0.45524294037548896,0.32828913746840604,2.432346,-1,82,1.0,0.82,0.9010989010989011
ordinary-3d,0.25,0,OpenCV-AP3P-RANSAC,True,True,0.45524294037548896,0.32828913746840604,2.495697,-1,82,1.0,0.82,0.9010989010989011
ordinary-3d,0.25,0,OpenCV-EPNP-RANSAC,True,True,0.5372316685514767,0.16758592021199578,4.620115,-1,85,1.0,0.85,0.9189189189189189
ordinary-3d,0.25,0,OpenCV-SQPNP-RANSAC-REFINE,True,True,0.44380060432879764,0.10273192857531716,4.754546,-1,86,1.0,0.86,0.924731182795699
ordinary-3d,0.25,0,LoP4P,True,True,0.2619714618203613,0.044856401934000915,46.535914,24,86,1.0,0.86,0.924731182795699
ordinary-3d,0.25,0,RPnP++,True,True,0.059650929272684956,0.02717021296463684,1.682635,3,88,1.0,0.88,0.9361702127659575
ordinary-3d,0.5,0,OpenCV-P3P-RANSAC,True,True,0.2461298932756627,0.1978785180022165,5.445036,-1,88,1.0,0.88,0.9361702127659575
ordinary-3d,0.5,0,OpenCV-AP3P-RANSAC,True,True,0.2461298932756627,0.1978785180022165,5.446348,-1,88,1.0,0.88,0.9361702127659575
ordinary-3d,0.5,0,OpenCV-EPNP-RANSAC,True,True,0.2693409243314781,0.13224327625339266,28.751277,-1,88,1.0,0.88,0.9361702127659575
ordinary-3d,0.5,0,OpenCV-SQPNP-RANSAC-REFINE,True,True,0.2448829134141484,0.12926149634602468,28.942558,-1,88,1.0,0.88,0.9361702127659575
ordinary-3d,0.5,0,LoP4P,True,True,0.8288893467653641,0.10013010581701243,262.054477,161,82,1.0,0.82,0.9010989010989011
ordinary-3d,0.5,0,RPnP++,True,True,0.06537722172764349,0.049892322699873946,2.243905,6,88,1.0,0.88,0.9361702127659575
ordinary-3d,0.7,0,OpenCV-P3P-RANSAC,True,True,0.30720399059423503,0.07001655944119192,54.825635,-1,87,1.0,0.87,0.9304812834224598
ordinary-3d,0.7,0,OpenCV-AP3P-RANSAC,True,True,0.30720399059423503,0.07001655944119192,55.907768,-1,87,1.0,0.87,0.9304812834224598
ordinary-3d,0.7,0,OpenCV-EPNP-RANSAC,True,True,0.4030993235413645,0.2782956984785446,420.297123,-1,86,1.0,0.86,0.924731182795699
ordinary-3d,0.7,0,OpenCV-SQPNP-RANSAC-REFINE,True,True,0.4607638984817163,0.2531905268026593,412.187,-1,86,1.0,0.86,0.924731182795699
ordinary-3d,0.7,0,LoP4P,True,True,0.28696517615798733,0.19426330541971243,1541.184021,942,88,1.0,0.88,0.9361702127659575
ordinary-3d,0.7,0,RPnP++,True,True,0.06533298812449136,0.05840567288273012,5.319728,16,88,1.0,0.88,0.9361702127659575
ordinary-3d,0.8,0,OpenCV-P3P-RANSAC,True,True,0.21656138603741115,0.5463277013144994,209.17278,-1,85,1.0,0.85,0.9189189189189189
ordinary-3d,0.8,0,OpenCV-AP3P-RANSAC,True,True,0.21656138603741115,0.5463277013144994,211.683619,-1,85,1.0,0.85,0.9189189189189189
ordinary-3d,0.8,0,OpenCV-EPNP-RANSAC,True,True,3.110197114874867,3.9778171002445797,448.693287,-1,28,1.0,0.28,0.43750000000000006
ordinary-3d,0.8,0,OpenCV-SQPNP-RANSAC-REFINE,True,True,3.467090355717743,4.71652626371362,448.491186,-1,22,0.9545454545454546,0.21,0.34426229508196726
ordinary-3d,0.8,0,LoP4P,True,True,0.35304372514347593,0.2405057740838197,7932.566098,4798,88,1.0,0.88,0.9361702127659575
ordinary-3d,0.8,0,RPnP++,True,True,0.05961173187715585,0.05541968901583724,8.783478,37,88,1.0,0.88,0.9361702127659575
ordinary-3d,0.9,0,OpenCV-P3P-RANSAC,True,True,1.2846502732007743,0.20976157519877248,300.734595,-1,81,0.9753086419753086,0.79,0.8729281767955802
ordinary-3d,0.9,0,OpenCV-AP3P-RANSAC,True,True,1.2846502732007743,0.20976157519877248,306.871612,-1,81,0.9753086419753086,0.79,0.8729281767955802
ordinary-3d,0.9,0,OpenCV-EPNP-RANSAC,True,False,6.67166600835234,0.5468053491874508,541.545001,-1,23,1.0,0.23,0.3739837398373984
ordinary-3d,0.9,0,OpenCV-SQPNP-RANSAC-REFINE,True,False,5.444512688458477,0.45517253359310883,546.306618,-1,27,0.9629629629629629,0.26,0.40944881889763773
ordinary-3d,0.9,0,LoP4P,True,True,1.0858518628604554,0.21398598593131637,8541.811498,5000,79,0.9873417721518988,0.78,0.8715083798882681
ordinary-3d,0.9,0,RPnP++,True,True,0.08420046469929672,0.05552479913562438,55.96719,149,88,0.9886363636363636,0.87,0.925531914893617
ordinary-3d,0.95,0,OpenCV-P3P-RANSAC,True,False,59.87108438658195,126.25578295429179,495.670017,-1,9,0.1111111111111111,0.01,0.01834862385321101
ordinary-3d,0.95,0,OpenCV-AP3P-RANSAC,True,False,59.87108438658195,126.25578295429179,497.552071,-1,9,0.1111111111111111,0.01,0.01834862385321101
ordinary-3d,0.95,0,OpenCV-EPNP-RANSAC,True,False,114.43250547035592,48.106130024955554,738.432936,-1,6,0.16666666666666666,0.01,0.018867924528301886
ordinary-3d,0.95,0,OpenCV-SQPNP-RANSAC-REFINE,True,False,115.54588781231783,47.39535083155447,737.642064,-1,6,0.16666666666666666,0.01,0.018867924528301886
ordinary-3d,0.95,0,LoP4P,True,False,98.54640588883981,387.4728849517308,9254.428149,5000,7,0.14285714285714285,0.01,0.018691588785046728
ordinary-3d,0.95,0,RPnP++,True,True,0.11562017468215854,0.04588136535811809,381.29545,594,88,1.0,0.88,0.9361702127659575
ordinary-3d,0.05,1,OpenCV-P3P-RANSAC,True,True,0.4937611579783484,0.5560934983037601,1.093329,-1,83,1.0,0.83,0.9071038251366119
ordinary-3d,0.05,1,OpenCV-AP3P-RANSAC,True,True,0.4937611579783484,0.5560934983037601,0.976194,-1,83,1.0,0.83,0.9071038251366119
ordinary-3d,0.05,1,OpenCV-EPNP-RANSAC,True,True,0.43880042549611775,0.34629448569698945,1.699773,-1,83,1.0,0.83,0.9071038251366119
ordinary-3d,0.05,1,OpenCV-SQPNP-RANSAC-REFINE,True,True,0.4281630574940397,0.2871121567688046,1.936533,-1,84,1.0,0.84,0.9130434782608696
ordinary-3d,0.05,1,LoP4P,True,True,0.15985172950557822,0.2534085113558455,13.439091,6,91,1.0,0.91,0.9528795811518325
ordinary-3d,0.05,1,RPnP++,True,True,0.18743849651233607,0.10547293476346344,0.840448,2,91,1.0,0.91,0.9528795811518325
ordinary-3d,0.25,1,OpenCV-P3P-RANSAC,True,True,0.3146027792297167,0.2946724373179155,1.150984,-1,88,1.0,0.88,0.9361702127659575
ordinary-3d,0.25,1,OpenCV-AP3P-RANSAC,True,True,0.3146027792297167,0.2946724373179155,1.193602,-1,88,1.0,0.88,0.9361702127659575
ordinary-3d,0.25,1,OpenCV-EPNP-RANSAC,True,True,0.20556986218918602,0.11707629970282418,2.576975,-1,89,1.0,0.89,0.9417989417989417
ordinary-3d,0.25,1,OpenCV-SQPNP-RANSAC-REFINE,True,True,0.19665382779510548,0.11981968015091639,2.818794,-1,89,1.0,0.89,0.9417989417989417
ordinary-3d,0.25,1,LoP4P,True,True,0.23689792122721987,0.09847130642857832,37.172652,19,91,1.0,0.91,0.9528795811518325
ordinary-3d,0.25,1,RPnP++,True,True,0.18729429946813217,0.10526917687679191,1.188589,2,91,1.0,0.91,0.9528795811518325
ordinary-3d,0.5,1,OpenCV-P3P-RANSAC,True,True,0.13459250560767907,0.16437899260975264,5.687732,-1,86,1.0,0.86,0.924731182795699
ordinary-3d,0.5,1,OpenCV-AP3P-RANSAC,True,True,0.13459250560767907,0.16437899260975264,5.82462,-1,86,1.0,0.86,0.924731182795699
ordinary-3d,0.5,1,OpenCV-EPNP-RANSAC,True,True,0.4479590851656288,0.5825432276901965,34.967725,-1,83,1.0,0.83,0.9071038251366119
ordinary-3d,0.5,1,OpenCV-SQPNP-RANSAC-REFINE,True,True,0.4699664164761912,0.3689361927325614,35.195099,-1,85,1.0,0.85,0.9189189189189189
ordinary-3d,0.5,1,LoP4P,True,True,0.18594297045085822,0.20702511938569157,185.003175,106,91,1.0,0.91,0.9528795811518325
ordinary-3d,0.5,1,RPnP++,True,True,0.18729199126904036,0.10526877548130234,1.772457,6,91,1.0,0.91,0.9528795811518325
ordinary-3d,0.7,1,OpenCV-P3P-RANSAC,True,True,0.29903669678900685,0.40962568449471987,50.632012,-1,84,1.0,0.84,0.9130434782608696
ordinary-3d,0.7,1,OpenCV-AP3P-RANSAC,True,True,0.29903669678900685,0.40962568449471987,52.994011,-1,84,1.0,0.84,0.9130434782608696
ordinary-3d,0.7,1,OpenCV-EPNP-RANSAC,True,True,0.22325556026343008,0.13347507890313315,416.509678,-1,89,1.0,0.89,0.9417989417989417
ordinary-3d,0.7,1,OpenCV-SQPNP-RANSAC-REFINE,True,True,0.28340913373823434,0.19922399087385442,412.174518,-1,91,1.0,0.91,0.9528795811518325
ordinary-3d,0.7,1,LoP4P,True,True,0.19353458075020877,0.1223588524051896,1324.002907,824,91,1.0,0.91,0.9528795811518325
ordinary-3d,0.7,1,RPnP++,True,True,0.4298004070641653,0.37772689860088765,3.680715,15,91,1.0,0.91,0.9528795811518325
ordinary-3d,0.8,1,OpenCV-P3P-RANSAC,True,True,0.18012729493273014,0.07044293890119094,203.139713,-1,90,1.0,0.9,0.9473684210526316
ordinary-3d,0.8,1,OpenCV-AP3P-RANSAC,True,True,0.18012729493273014,0.07044293890119094,211.60885,-1,90,1.0,0.9,0.9473684210526316
ordinary-3d,0.8,1,OpenCV-EPNP-RANSAC,True,True,0.5002215063527814,0.363187182937714,444.737671,-1,85,1.0,0.85,0.9189189189189189
ordinary-3d,0.8,1,OpenCV-SQPNP-RANSAC-REFINE,True,True,0.4426070745371208,0.3208671960591107,444.190283,-1,89,1.0,0.89,0.9417989417989417
ordinary-3d,0.8,1,LoP4P,True,True,0.3681756499284393,0.07712667837029857,7557.829869,4586,89,1.0,0.89,0.9417989417989417
ordinary-3d,0.8,1,RPnP++,True,True,0.18731467579696937,0.10527297216682337,8.762104,36,91,1.0,0.91,0.9528795811518325
ordinary-3d,0.9,1,OpenCV-P3P-RANSAC,True,True,0.6965148321103113,0.1313932717545037,296.574778,-1,85,1.0,0.85,0.9189189189189189
ordinary-3d,0.9,1,OpenCV-AP3P-RANSAC,True,True,0.6965148321103113,0.1313932717545037,302.539257,-1,85,1.0,0.85,0.9189189189189189
ordinary-3d,0.9,1,OpenCV-EPNP-RANSAC,False,False,180.0,inf,540.717722,-1,0,0.0,0.0,0.0
ordinary-3d,0.9,1,OpenCV-SQPNP-RANSAC-REFINE,False,False,180.0,inf,547.519152,-1,0,0.0,0.0,0.0
ordinary-3d,0.9,1,LoP4P,True,False,169.00096524447298,18.61745161319482,8493.923303,5000,8,0.0,0.0,0.0
ordinary-3d,0.9,1,RPnP++,True,True,0.18728356958867373,0.10526922601311042,51.217073,142,91,1.0,0.91,0.9528795811518325
ordinary-3d,0.95,1,OpenCV-P3P-RANSAC,True,False,7.866194691761157,0.46729467320662277,487.292462,-1,21,0.8571428571428571,0.18,0.2975206611570248
ordinary-3d,0.95,1,OpenCV-AP3P-RANSAC,True,False,7.866194691761157,0.46729467320662277,493.80023,-1,21,0.8571428571428571,0.18,0.2975206611570248
ordinary-3d,0.95,1,OpenCV-EPNP-RANSAC,True,False,103.42278390909296,62.470768450840694,739.197152,-1,6,0.16666666666666666,0.01,0.018867924528301886
ordinary-3d,0.95,1,OpenCV-SQPNP-RANSAC-REFINE,True,False,102.89667023690258,60.84400710548661,739.717455,-1,6,0.16666666666666666,0.01,0.018867924528301886
ordinary-3d,0.95,1,LoP4P,True,False,68.02873288267713,44.658385334835515,9135.930319,5000,5,0.0,0.0,0.0
ordinary-3d,0.95,1,RPnP++,True,True,0.24875315710342258,0.06235919339764029,334.590196,581,91,1.0,0.91,0.9528795811518325
ordinary-3d,0.05,2,OpenCV-P3P-RANSAC,True,True,0.23797038418147573,0.878637928714383,1.234,-1,79,1.0,0.79,0.8826815642458101
ordinary-3d,0.05,2,OpenCV-AP3P-RANSAC,True,True,0.23797038418147573,0.878637928714383,1.1262,-1,79,1.0,0.79,0.8826815642458101
ordinary-3d,0.05,2,OpenCV-EPNP-RANSAC,True,True,0.46367271523438336,0.791063596366089,2.697306,-1,82,1.0,0.82,0.9010989010989011
ordinary-3d,0.05,2,OpenCV-SQPNP-RANSAC-REFINE,True,True,0.558062424560922,0.7427691163595518,2.915938,-1,82,1.0,0.82,0.9010989010989011
ordinary-3d,0.05,2,LoP4P,True,True,0.4366329029062168,0.28872424011505704,25.366157,11,83,1.0,0.83,0.9071038251366119
ordinary-3d,0.05,2,RPnP++,True,True,0.28404973192645133,0.4359081307816227,1.215553,2,82,1.0,0.82,0.9010989010989011
ordinary-3d,0.25,2,OpenCV-P3P-RANSAC,True,True,0.3817265978258144,0.7046171842524471,1.774384,-1,80,1.0,0.8,0.888888888888889
ordinary-3d,0.25,2,OpenCV-AP3P-RANSAC,True,True,0.3817265978258144,0.7046171842524471,1.760647,-1,80,1.0,0.8,0.888888888888889
ordinary-3d,0.25,2,OpenCV-EPNP-RANSAC,True,True,0.27289169925224366,0.6757094901840226,4.761924,-1,83,1.0,0.83,0.9071038251366119
ordinary-3d,0.25,2,OpenCV-SQPNP-RANSAC-REFINE,True,True,0.28461896999590663,0.553751405533456,4.982022,-1,81,1.0,0.81,0.8950276243093923
ordinary-3d,0.25,2,LoP4P,True,True,0.40588771247409744,0.18698111868079131,56.283881,32,83,1.0,0.83,0.9071038251366119
ordinary-3d,0.25,2,RPnP++,True,True,0.2339643471680496,0.6251335234238888,1.212852,3,82,1.0,0.82,0.9010989010989011
ordinary-3d,0.5,2,OpenCV-P3P-RANSAC,True,True,0.5053493490071951,0.42033126462694226,10.145761,-1,81,1.0,0.81,0.8950276243093923
ordinary-3d,0.5,2,OpenCV-AP3P-RANSAC,True,True,0.5053493490071951,0.42033126462694226,10.267647,-1,81,1.0,0.81,0.8950276243093923
ordinary-3d,0.5,2,OpenCV-EPNP-RANSAC,True,True,0.37198812087256145,0.8799394833898472,45.054532,-1,79,1.0,0.79,0.8826815642458101
ordinary-3d,0.5,2,OpenCV-SQPNP-RANSAC-REFINE,True,True,0.35600704796493154,0.8295519024717118,45.357493,-1,80,1.0,0.8,0.888888888888889
ordinary-3d,0.5,2,LoP4P,True,True,0.5543269342459185,0.1634254348085222,246.348882,146,84,1.0,0.84,0.9130434782608696
ordinary-3d,0.5,2,RPnP++,True,True,0.333934931400171,0.28883135982763536,2.327623,7,82,1.0,0.82,0.9010989010989011
ordinary-3d,0.7,2,OpenCV-P3P-RANSAC,True,True,0.39604422804719197,0.622312616122921,66.010087,-1,79,1.0,0.79,0.8826815642458101
ordinary-3d,0.7,2,OpenCV-AP3P-RANSAC,True,True,0.39604422804719197,0.622312616122921,67.676642,-1,79,1.0,0.79,0.8826815642458101
ordinary-3d,0.7,2,OpenCV-EPNP-RANSAC,True,True,0.30554672428026547,0.7481573198607875,411.054847,-1,78,1.0,0.78,0.8764044943820225
ordinary-3d,0.7,2,OpenCV-SQPNP-RANSAC-REFINE,True,True,0.33543730660377086,0.5876213380200009,410.57416,-1,79,1.0,0.79,0.8826815642458101
ordinary-3d,0.7,2,LoP4P,True,True,0.21850392915107578,0.6637896286698186,2057.314785,1251,82,1.0,0.82,0.9010989010989011
ordinary-3d,0.7,2,RPnP++,True,True,0.23395388600864958,0.6251350806911251,4.81458,19,82,1.0,0.82,0.9010989010989011
ordinary-3d,0.8,2,OpenCV-P3P-RANSAC,True,True,0.3952442880545221,0.7354759830211641,206.400469,-1,81,0.9876543209876543,0.8,0.8839779005524862
ordinary-3d,0.8,2,OpenCV-AP3P-RANSAC,True,True,0.3952442880545221,0.7354759830211641,213.014325,-1,81,0.9876543209876543,0.8,0.8839779005524862
ordinary-3d,0.8,2,OpenCV-EPNP-RANSAC,True,True,1.3444684444151815,0.26481487318581787,451.153977,-1,73,0.9863013698630136,0.72,0.8323699421965317
ordinary-3d,0.8,2,OpenCV-SQPNP-RANSAC-REFINE,True,True,1.5242018084851279,0.3077456411561879,443.950637,-1,72,0.9861111111111112,0.71,0.8255813953488371
ordinary-3d,0.8,2,LoP4P,True,True,0.9583625633216728,0.28429738968095647,8200.32008,5000,83,0.9879518072289156,0.82,0.8961748633879781
ordinary-3d,0.8,2,RPnP++,True,True,0.5305226262360319,0.1825084562837166,10.077505,40,83,0.9879518072289156,0.82,0.8961748633879781
ordinary-3d,0.9,2,OpenCV-P3P-RANSAC,True,True,0.9446689844702616,1.7196102929061017,298.043284,-1,54,1.0,0.54,0.7012987012987013
ordinary-3d,0.9,2,OpenCV-AP3P-RANSAC,True,True,0.9446689844702616,1.7196102929061017,304.655501,-1,54,1.0,0.54,0.7012987012987013
ordinary-3d,0.9,2,OpenCV-EPNP-RANSAC,True,False,133.87408791261385,39.10552976779428,542.219542,-1,4,0.0,0.0,0.0
ordinary-3d,0.9,2,OpenCV-SQPNP-RANSAC-REFINE,True,False,131.08803201272102,44.34712266511462,545.083475,-1,5,0.2,0.01,0.019047619047619046
ordinary-3d,0.9,2,LoP4P,True,False,94.29103711959554,14.2105878273506,8539.525077,5000,7,0.42857142857142855,0.03,0.056074766355140186
ordinary-3d,0.9,2,RPnP++,True,True,0.44564181098010586,0.196639131448834,62.171805,163,84,1.0,0.84,0.9130434782608696
ordinary-3d,0.95,2,OpenCV-P3P-RANSAC,True,True,1.789306928283973,1.8026722566933888,484.746606,-1,33,0.9090909090909091,0.3,0.4511278195488722
ordinary-3d,0.95,2,OpenCV-AP3P-RANSAC,True,True,1.789306928283973,1.8026722566933888,492.345288,-1,33,0.9090909090909091,0.3,0.4511278195488722
ordinary-3d,0.95,2,OpenCV-EPNP-RANSAC,True,False,145.4062702363831,80.74344259704233,741.516497,-1,7,0.0,0.0,0.0
ordinary-3d,0.95,2,OpenCV-SQPNP-RANSAC-REFINE,True,False,145.40805743692883,81.52980656214282,738.270545,-1,8,0.0,0.0,0.0
ordinary-3d,0.95,2,LoP4P,True,False,77.29604537475315,21.527860838203498,9156.06727,5000,8,0.0,0.0,0.0
ordinary-3d,0.95,2,RPnP++,True,True,0.29704648728240723,0.4436436305119885,570.938106,976,83,0.9759036144578314,0.81,0.8852459016393442
ordinary-3d,0.05,3,OpenCV-P3P-RANSAC,True,True,0.4402780544185171,0.16713230727748604,1.018822,-1,84,1.0,0.84,0.9130434782608696
ordinary-3d,0.05,3,OpenCV-AP3P-RANSAC,True,True,0.4402780544185171,0.16713230727748604,0.923667,-1,84,1.0,0.84,0.9130434782608696
ordinary-3d,0.05,3,OpenCV-EPNP-RANSAC,True,True,0.6530840851898957,0.4652889173906867,1.302556,-1,87,1.0,0.87,0.9304812834224598
ordinary-3d,0.05,3,OpenCV-SQPNP-RANSAC-REFINE,True,True,0.5764917046911677,0.3488778055076563,1.524148,-1,88,1.0,0.88,0.9361702127659575
ordinary-3d,0.05,3,LoP4P,True,True,0.24121788310899292,0.06785920653844658,24.990719,7,89,1.0,0.89,0.9417989417989417
ordinary-3d,0.05,3,RPnP++,True,True,0.3653228377490554,0.33018337858228775,1.3679,3,91,1.0,0.91,0.9528795811518325
ordinary-3d,0.25,3,OpenCV-P3P-RANSAC,True,True,0.4311712415623105,0.41062354244236426,1.566305,-1,84,1.0,0.84,0.9130434782608696
ordinary-3d,0.25,3,OpenCV-AP3P-RANSAC,True,True,0.4311712415623105,0.41062354244236426,1.476346,-1,84,1.0,0.84,0.9130434782608696
ordinary-3d,0.25,3,OpenCV-EPNP-RANSAC,True,True,0.48321430105797536,0.26140670241680314,6.055439,-1,85,1.0,0.85,0.9189189189189189
ordinary-3d,0.25,3,OpenCV-SQPNP-RANSAC-REFINE,True,True,0.46439799622562966,0.19509289339672442,6.289647,-1,85,1.0,0.85,0.9189189189189189
ordinary-3d,0.25,3,LoP4P,True,True,0.449394284028199,0.3610884017377776,49.134825,26,85,1.0,0.85,0.9189189189189189
ordinary-3d,0.25,3,RPnP++,True,True,0.32961363385598286,0.34901651006275575,1.015337,2,90,1.0,0.9,0.9473684210526316
ordinary-3d,0.5,3,OpenCV-P3P-RANSAC,True,True,0.4392646098077989,0.19810740596515639,5.75669,-1,89,1.0,0.89,0.9417989417989417
ordinary-3d,0.5,3,OpenCV-AP3P-RANSAC,True,True,0.4392646098077989,0.19810740596515639,5.836075,-1,89,1.0,0.89,0.9417989417989417
ordinary-3d,0.5,3,OpenCV-EPNP-RANSAC,True,True,0.24301871979996237,0.45015660791357504,27.203872,-1,90,1.0,0.9,0.9473684210526316
ordinary-3d,0.5,3,OpenCV-SQPNP-RANSAC-REFINE,True,True,0.1606077636576679,0.344100234501302,27.319302,-1,89,1.0,0.89,0.9417989417989417
ordinary-3d,0.5,3,LoP4P,True,True,0.25976529319970754,0.3708887657919961,203.393017,121,88,1.0,0.88,0.9361702127659575
ordinary-3d,0.5,3,RPnP++,True,True,0.31852762447127536,0.3796731450882692,1.728377,6,90,1.0,0.9,0.9473684210526316
ordinary-3d,0.7,3,OpenCV-P3P-RANSAC,True,True,0.6077594246356105,0.18341230322345503,52.975584,-1,85,1.0,0.85,0.9189189189189189
ordinary-3d,0.7,3,OpenCV-AP3P-RANSAC,True,True,0.6077594246356105,0.18341230322345503,56.021639,-1,85,1.0,0.85,0.9189189189189189
ordinary-3d,0.7,3,OpenCV-EPNP-RANSAC,True,True,0.43422876011175604,0.670176882220068,409.84253,-1,81,1.0,0.81,0.8950276243093923
ordinary-3d,0.7,3,OpenCV-SQPNP-RANSAC-REFINE,True,True,0.32787103442683546,0.4552465755028312,410.590124,-1,82,1.0,0.82,0.9010989010989011
ordinary-3d,0.7,3,LoP4P,True,True,0.24619119491761685,0.4782816431899698,2212.198759,1355,88,1.0,0.88,0.9361702127659575
ordinary-3d,0.7,3,RPnP++,True,True,0.3127751481139987,0.310207475742599,3.957255,16,89,1.0,0.89,0.9417989417989417
ordinary-3d,0.8,3,OpenCV-P3P-RANSAC,True,True,0.5703047566992224,0.4839060898538019,204.863528,-1,83,1.0,0.83,0.9071038251366119
ordinary-3d,0.8,3,OpenCV-AP3P-RANSAC,True,True,0.5703047566992224,0.4839060898538019,212.669732,-1,83,1.0,0.83,0.9071038251366119
ordinary-3d,0.8,3,OpenCV-EPNP-RANSAC,True,True,0.8038746486553362,0.16032452975547626,443.912137,-1,80,1.0,0.8,0.888888888888889
ordinary-3d,0.8,3,OpenCV-SQPNP-RANSAC-REFINE,True,True,0.6248047391342546,0.21833692871687307,443.300369,-1,83,1.0,0.83,0.9071038251366119
ordinary-3d,0.8,3,LoP4P,True,True,0.2272603711739253,0.403442598460436,7179.546885,4385,90,1.0,0.9,0.9473684210526316
ordinary-3d,0.8,3,RPnP++,True,True,0.36077116876531584,0.4274452085084575,10.349755,45,90,1.0,0.9,0.9473684210526316
ordinary-3d,0.9,3,OpenCV-P3P-RANSAC,True,True,0.7378071175074582,0.48237978656351604,303.531057,-1,79,1.0,0.79,0.8826815642458101
ordinary-3d,0.9,3,OpenCV-AP3P-RANSAC,True,True,0.7378071175074582,0.48237978656351604,305.135804,-1,79,1.0,0.79,0.8826815642458101
ordinary-3d,0.9,3,OpenCV-EPNP-RANSAC,True,True,3.6123133693322313,0.7320772563540867,540.700558,-1,42,0.9761904761904762,0.41,0.5774647887323944
ordinary-3d,0.9,3,OpenCV-SQPNP-RANSAC-REFINE,True,True,3.823648481630011,0.7834483475503645,541.959955,-1,40,1.0,0.4,0.5714285714285715
ordinary-3d,0.9,3,LoP4P,True,False,156.28081732492265,52.80718199320137,8518.073408,5000,5,0.0,0.0,0.0
ordinary-3d,0.9,3,RPnP++,True,True,0.33337896984283716,0.3074544153662697,56.343475,139,93,0.989247311827957,0.92,0.9533678756476685
ordinary-3d,0.95,3,OpenCV-P3P-RANSAC,True,False,5.230359441274445,7.0535053374221155,484.3545,-1,22,0.9545454545454546,0.21,0.34426229508196726
ordinary-3d,0.95,3,OpenCV-AP3P-RANSAC,True,False,5.230359441274445,7.0535053374221155,491.290165,-1,22,0.9545454545454546,0.21,0.34426229508196726
ordinary-3d,0.95,3,OpenCV-EPNP-RANSAC,True,False,113.26061777424896,22.191458602393325,752.944191,-1,8,0.0,0.0,0.0
ordinary-3d,0.95,3,OpenCV-SQPNP-RANSAC-REFINE,True,False,113.09295069249202,22.006518728168217,740.648354,-1,8,0.0,0.0,0.0
ordinary-3d,0.95,3,LoP4P,True,False,100.66165263707728,98.48636276082394,9133.172667,5000,8,0.0,0.0,0.0
ordinary-3d,0.95,3,RPnP++,True,True,0.3526890834692675,0.420031782678722,427.942512,739,92,0.9782608695652174,0.9,0.9375
ordinary-3d,0.05,4,OpenCV-P3P-RANSAC,True,True,0.5321857613557872,0.8338642536259118,0.928082,-1,82,1.0,0.82,0.9010989010989011
ordinary-3d,0.05,4,OpenCV-AP3P-RANSAC,True,True,0.5321857613557872,0.8338642536259118,0.945294,-1,82,1.0,0.82,0.9010989010989011
ordinary-3d,0.05,4,OpenCV-EPNP-RANSAC,True,True,0.7100329824263873,0.22576411676676253,2.00994,-1,81,1.0,0.81,0.8950276243093923
ordinary-3d,0.05,4,OpenCV-SQPNP-RANSAC-REFINE,True,True,0.6954573731371596,0.14283980446443417,2.273965,-1,81,1.0,0.81,0.8950276243093923
ordinary-3d,0.05,4,LoP4P,True,True,0.31195616815558325,0.3104823760592354,14.636298,7,88,1.0,0.88,0.9361702127659575
ordinary-3d,0.05,4,RPnP++,True,True,0.2460105229773007,0.3578820753955039,1.197348,2,86,1.0,0.86,0.924731182795699
ordinary-3d,0.25,4,OpenCV-P3P-RANSAC,True,True,0.2439685298806528,0.1723128859464472,1.729115,-1,85,1.0,0.85,0.9189189189189189
ordinary-3d,0.25,4,OpenCV-AP3P-RANSAC,True,True,0.2439685298806528,0.1723128859464472,1.80804,-1,85,1.0,0.85,0.9189189189189189
ordinary-3d,0.25,4,OpenCV-EPNP-RANSAC,True,True,0.3974972238087073,0.5247785373168788,4.215872,-1,83,1.0,0.83,0.9071038251366119
ordinary-3d,0.25,4,OpenCV-SQPNP-RANSAC-REFINE,True,True,0.3594669030835601,0.4854169814975602,4.410689,-1,83,1.0,0.83,0.9071038251366119
ordinary-3d,0.25,4,LoP4P,True,True,0.20928666036265928,0.3569708802840516,49.246898,23,87,1.0,0.87,0.9304812834224598
ordinary-3d,0.25,4,RPnP++,True,True,0.2460098201117678,0.3578823181844862,1.65992,3,86,1.0,0.86,0.924731182795699
ordinary-3d,0.5,4,OpenCV-P3P-RANSAC,True,True,0.2642959301146945,0.14560627745405977,10.44266,-1,87,1.0,0.87,0.9304812834224598
ordinary-3d,0.5,4,OpenCV-AP3P-RANSAC,True,True,0.2642959301146945,0.14560627745405977,10.598119,-1,87,1.0,0.87,0.9304812834224598
ordinary-3d,0.5,4,OpenCV-EPNP-RANSAC,True,True,0.23275386621365135,0.3856550673277617,44.502569,-1,79,1.0,0.79,0.8826815642458101
ordinary-3d,0.5,4,OpenCV-SQPNP-RANSAC-REFINE,True,True,0.2642767425369587,0.48034946559333025,44.753021,-1,81,1.0,0.81,0.8950276243093923
ordinary-3d,0.5,4,LoP4P,True,True,0.5657184189805611,0.5631962558996029,219.886781,133,86,1.0,0.86,0.924731182795699
ordinary-3d,0.5,4,RPnP++,True,True,0.24600376329231885,0.3578833526506216,1.68067,9,86,1.0,0.86,0.924731182795699
ordinary-3d,0.7,4,OpenCV-P3P-RANSAC,True,True,0.537903419645558,0.6543023609759018,56.675705,-1,80,1.0,0.8,0.888888888888889
ordinary-3d,0.7,4,OpenCV-AP3P-RANSAC,True,True,0.537903419645558,0.6543023609759018,58.689392,-1,80,1.0,0.8,0.888888888888889
ordinary-3d,0.7,4,OpenCV-EPNP-RANSAC,True,True,0.45127660042536144,0.21578651545250568,409.971366,-1,81,1.0,0.81,0.8950276243093923
ordinary-3d,0.7,4,OpenCV-SQPNP-RANSAC-REFINE,True,True,0.4371963721018199,0.19997082568573085,409.671159,-1,84,1.0,0.84,0.9130434782608696
ordinary-3d,0.7,4,LoP4P,True,True,0.5716821525029777,0.24187927198292422,1686.83169,1033,86,1.0,0.86,0.924731182795699
ordinary-3d,0.7,4,RPnP++,True,True,0.2460019352061788,0.35788345901540347,3.654233,17,86,1.0,0.86,0.924731182795699
ordinary-3d,0.8,4,OpenCV-P3P-RANSAC,True,True,0.37344799333777173,0.4373391582431399,203.894948,-1,81,1.0,0.81,0.8950276243093923
ordinary-3d,0.8,4,OpenCV-AP3P-RANSAC,True,True,0.37344799333777173,0.4373391582431399,211.44384,-1,81,1.0,0.81,0.8950276243093923
ordinary-3d,0.8,4,OpenCV-EPNP-RANSAC,True,True,0.1254920949288062,0.31358631447648994,443.387589,-1,85,1.0,0.85,0.9189189189189189
ordinary-3d,0.8,4,OpenCV-SQPNP-RANSAC-REFINE,True,True,0.18961492909657415,0.4192073831930191,450.212947,-1,87,1.0,0.87,0.9304812834224598
ordinary-3d,0.8,4,LoP4P,True,True,0.1491118330070789,0.3708936944308248,8208.471881,5000,85,1.0,0.85,0.9189189189189189
ordinary-3d,0.8,4,RPnP++,True,True,0.2533135279172298,0.025984908068510778,10.232577,39,85,1.0,0.85,0.9189189189189189
ordinary-3d,0.9,4,OpenCV-P3P-RANSAC,True,True,0.827440154322415,0.43043579703371926,296.928085,-1,67,0.9701492537313433,0.65,0.778443113772455
ordinary-3d,0.9,4,OpenCV-AP3P-RANSAC,True,True,0.827440154322415,0.43043579703371926,303.862038,-1,67,0.9701492537313433,0.65,0.778443113772455
ordinary-3d,0.9,4,OpenCV-EPNP-RANSAC,False,False,180.0,inf,541.091919,-1,0,0.0,0.0,0.0
ordinary-3d,0.9,4,OpenCV-SQPNP-RANSAC-REFINE,False,False,180.0,inf,540.666185,-1,0,0.0,0.0,0.0
ordinary-3d,0.9,4,LoP4P,True,False,96.00309833572895,154.75381831002926,8507.998175,5000,5,0.2,0.01,0.019047619047619046
ordinary-3d,0.9,4,RPnP++,True,True,0.21815208165224206,0.3368177611991469,56.267081,145,88,0.9886363636363636,0.87,0.925531914893617
ordinary-3d,0.95,4,OpenCV-P3P-RANSAC,True,False,156.72883962253772,27.200667759391855,484.739895,-1,8,0.0,0.0,0.0
ordinary-3d,0.95,4,OpenCV-AP3P-RANSAC,True,False,156.72883962253772,27.200667759391855,491.012512,-1,8,0.0,0.0,0.0
ordinary-3d,0.95,4,OpenCV-EPNP-RANSAC,True,False,136.39005481219064,30.591683140428188,738.478541,-1,6,0.0,0.0,0.0
ordinary-3d,0.95,4,OpenCV-SQPNP-RANSAC-REFINE,True,False,136.5019580119901,30.600894054028238,742.108438,-1,6,0.0,0.0,0.0
ordinary-3d,0.95,4,LoP4P,True,False,153.18363207887592,14.922254055362341,9145.777231,5000,6,0.0,0.0,0.0
ordinary-3d,0.95,4,RPnP++,True,True,0.24602209095773736,0.3578849906348631,526.469561,879,86,1.0,0.86,0.924731182795699
ordinary-3d,0.05,5,OpenCV-P3P-RANSAC,True,True,0.6250950509007585,0.46578891926094057,0.733895,-1,81,1.0,0.81,0.8950276243093923
ordinary-3d,0.05,5,OpenCV-AP3P-RANSAC,True,True,0.6250950509007585,0.46578891926094057,0.769503,-1,81,1.0,0.81,0.8950276243093923
ordinary-3d,0.05,5,OpenCV-EPNP-RANSAC,True,True,0.5200000332384599,0.1877391833669548,2.021788,-1,77,1.0,0.77,0.8700564971751412
ordinary-3d,0.05,5,OpenCV-SQPNP-RANSAC-REFINE,True,True,0.5382115069560158,0.22808244198096733,2.161863,-1,80,1.0,0.8,0.888888888888889
ordinary-3d,0.05,5,LoP4P,True,True,0.757045081744562,0.19773882764869952,21.877267,11,81,1.0,0.81,0.8950276243093923
ordinary-3d,0.05,5,RPnP++,True,True,0.40879617861006373,0.11668380504499534,1.212881,2,79,1.0,0.79,0.8826815642458101
ordinary-3d,0.25,5,OpenCV-P3P-RANSAC,True,True,0.5050888348826906,0.3742266778495753,2.071087,-1,78,1.0,0.78,0.8764044943820225
ordinary-3d,0.25,5,OpenCV-AP3P-RANSAC,True,True,0.5050888348826906,0.3742266778495753,2.065528,-1,78,1.0,0.78,0.8764044943820225
ordinary-3d,0.25,5,OpenCV-EPNP-RANSAC,True,True,0.47372415366180665,0.06156960967540398,5.313392,-1,81,1.0,0.81,0.8950276243093923
ordinary-3d,0.25,5,OpenCV-SQPNP-RANSAC-REFINE,True,True,0.48314119679255113,0.06348590326914334,5.534384,-1,82,1.0,0.82,0.9010989010989011
ordinary-3d,0.25,5,LoP4P,True,True,0.6288482820471705,0.18883148219489693,60.365772,33,80,1.0,0.8,0.888888888888889
ordinary-3d,0.25,5,RPnP++,True,True,0.4195682943026784,0.08172457756428535,1.395878,3,78,1.0,0.78,0.8764044943820225
ordinary-3d,0.5,5,OpenCV-P3P-RANSAC,True,True,0.4720556152347001,0.2219958784994861,12.491141,-1,77,1.0,0.77,0.8700564971751412
ordinary-3d,0.5,5,OpenCV-AP3P-RANSAC,True,True,0.38073409911036427,0.24715590582120311,14.167361,-1,78,1.0,0.78,0.8764044943820225
ordinary-3d,0.5,5,OpenCV-EPNP-RANSAC,True,True,1.0032151755024052,0.22252172109451748,58.425653,-1,80,0.9875,0.79,0.8777777777777778
ordinary-3d,0.5,5,OpenCV-SQPNP-RANSAC-REFINE,True,True,0.9459065516303058,0.19499346858266986,58.71881,-1,80,0.9875,0.79,0.8777777777777778
ordinary-3d,0.5,5,LoP4P,True,True,0.5583574799310854,0.5713134989772988,295.076491,178,80,1.0,0.8,0.888888888888889
ordinary-3d,0.5,5,RPnP++,True,True,0.5457575480444482,0.06964825482280262,2.847866,10,80,1.0,0.8,0.888888888888889
ordinary-3d,0.7,5,OpenCV-P3P-RANSAC,True,True,0.46684097066650404,0.25177414351111976,65.296576,-1,80,1.0,0.8,0.888888888888889
ordinary-3d,0.7,5,OpenCV-AP3P-RANSAC,True,True,0.46684097066650404,0.25177414351111976,67.839995,-1,80,1.0,0.8,0.888888888888889
ordinary-3d,0.7,5,OpenCV-EPNP-RANSAC,True,True,0.5243775170495033,0.18660582603377981,410.006139,-1,78,1.0,0.78,0.8764044943820225
ordinary-3d,0.7,5,OpenCV-SQPNP-RANSAC-REFINE,True,True,0.525880757666573,0.1509347804932783,410.466291,-1,82,1.0,0.82,0.9010989010989011
ordinary-3d,0.7,5,LoP4P,True,True,0.3970082455467657,0.15459408591685772,2371.221313,1452,79,1.0,0.79,0.8826815642458101
ordinary-3d,0.7,5,RPnP++,True,True,0.4194345243098261,0.08177632925896937,4.532498,19,78,1.0,0.78,0.8764044943820225
ordinary-3d,0.8,5,OpenCV-P3P-RANSAC,True,True,0.5596277645803703,0.18432652751887516,203.855582,-1,79,1.0,0.79,0.8826815642458101
ordinary-3d,0.8,5,OpenCV-AP3P-RANSAC,True,True,0.5596277645803703,0.18432652751887516,209.919473,-1,79,1.0,0.79,0.8826815642458101
ordinary-3d,0.8,5,OpenCV-EPNP-RANSAC,True,True,1.7172943106388965,0.7637523363082857,448.754335,-1,48,1.0,0.48,0.6486486486486487
ordinary-3d,0.8,5,OpenCV-SQPNP-RANSAC-REFINE,True,True,1.8102645185899506,0.777983978421676,445.991481,-1,51,1.0,0.51,0.6754966887417219
ordinary-3d,0.8,5,LoP4P,True,True,0.5637874873271372,0.2187123268594951,8174.988785,5000,80,1.0,0.8,0.888888888888889
ordinary-3d,0.8,5,RPnP++,True,True,0.42309819883733635,0.1486802594313976,10.956309,45,79,1.0,0.79,0.8826815642458101
ordinary-3d,0.9,5,OpenCV-P3P-RANSAC,True,True,0.6483439869581028,0.7014013780154504,294.688256,-1,71,1.0,0.71,0.8304093567251462
ordinary-3d,0.9,5,OpenCV-AP3P-RANSAC,True,True,0.6483439869581028,0.7014013780154504,303.915199,-1,71,1.0,0.71,0.8304093567251462
ordinary-3d,0.9,5,OpenCV-EPNP-RANSAC,False,False,180.0,inf,544.278779,-1,0,0.0,0.0,0.0
ordinary-3d,0.9,5,OpenCV-SQPNP-RANSAC-REFINE,False,False,180.0,inf,550.55784,-1,0,0.0,0.0,0.0
ordinary-3d,0.9,5,LoP4P,True,False,37.16843949809899,14.045785579501704,8432.374956,5000,7,0.7142857142857143,0.05,0.09345794392523366
ordinary-3d,0.9,5,RPnP++,True,True,0.4087866997717195,0.11668553321446888,74.290237,208,79,1.0,0.79,0.8826815642458101
ordinary-3d,0.95,5,OpenCV-P3P-RANSAC,True,False,10.018416595677074,16.643464045065144,477.161136,-1,9,0.7777777777777778,0.07,0.12844036697247707
ordinary-3d,0.95,5,OpenCV-AP3P-RANSAC,True,False,10.018416595677074,16.643464045065144,491.234018,-1,9,0.7777777777777778,0.07,0.12844036697247707
ordinary-3d,0.95,5,OpenCV-EPNP-RANSAC,True,False,131.9933335437437,28.489258864759933,738.750112,-1,5,0.0,0.0,0.0
ordinary-3d,0.95,5,OpenCV-SQPNP-RANSAC-REFINE,True,False,131.24204940483062,26.460821409890677,739.144439,-1,6,0.16666666666666666,0.01,0.018867924528301886
ordinary-3d,0.95,5,LoP4P,True,False,96.84006649771119,19.44281243561036,9111.748748,5000,6,0.0,0.0,0.0
ordinary-3d,0.95,5,RPnP++,True,True,0.4510014857004561,0.15579151154343512,407.430673,724,80,0.9875,0.79,0.8777777777777778
ordinary-3d,0.05,6,OpenCV-P3P-RANSAC,True,True,0.4422685740221772,0.6967401503232546,0.717869,-1,87,1.0,0.87,0.9304812834224598
ordinary-3d,0.05,6,OpenCV-AP3P-RANSAC,True,True,0.4422685740221772,0.6967401503232546,0.641123,-1,87,1.0,0.87,0.9304812834224598
ordinary-3d,0.05,6,OpenCV-EPNP-RANSAC,True,True,0.47526945828193434,0.4306868288794021,1.177423,-1,88,1.0,0.88,0.9361702127659575
ordinary-3d,0.05,6,OpenCV-SQPNP-RANSAC-REFINE,True,True,0.4527466443841417,0.20357444220238077,1.360531,-1,89,1.0,0.89,0.9417989417989417
ordinary-3d,0.05,6,LoP4P,True,True,0.23709269725386595,0.20686173949960532,15.998526,6,90,1.0,0.9,0.9473684210526316
ordinary-3d,0.05,6,RPnP++,True,True,0.3490133426266435,0.28281100675255283,0.80642,1,91,1.0,0.91,0.9528795811518325
ordinary-3d,0.25,6,OpenCV-P3P-RANSAC,True,True,0.38512252406907227,0.06358824790356442,1.392927,-1,87,1.0,0.87,0.9304812834224598
ordinary-3d,0.25,6,OpenCV-AP3P-RANSAC,True,True,0.38512252406907227,0.06358824790356442,1.391581,-1,87,1.0,0.87,0.9304812834224598
ordinary-3d,0.25,6,OpenCV-EPNP-RANSAC,True,True,0.39801504324441944,0.5243468811135332,3.684082,-1,90,1.0,0.9,0.9473684210526316
ordinary-3d,0.25,6,OpenCV-SQPNP-RANSAC-REFINE,True,True,0.41002745332069723,0.32424178064575765,3.848551,-1,90,1.0,0.9,0.9473684210526316
ordinary-3d,0.25,6,LoP4P,True,True,0.29278658650093936,0.3928160712215068,42.805556,22,88,1.0,0.88,0.9361702127659575
ordinary-3d,0.25,6,RPnP++,True,True,0.34931627968839735,0.2826642240435591,0.974487,2,91,1.0,0.91,0.9528795811518325
ordinary-3d,0.5,6,OpenCV-P3P-RANSAC,True,True,0.3282184628492399,0.29985191276508133,4.356231,-1,90,1.0,0.9,0.9473684210526316
ordinary-3d,0.5,6,OpenCV-AP3P-RANSAC,True,True,0.3282184628492399,0.29985191276508133,4.657131,-1,90,1.0,0.9,0.9473684210526316
ordinary-3d,0.5,6,OpenCV-EPNP-RANSAC,True,True,0.41996708989022125,0.541700802296645,28.647515,-1,89,1.0,0.89,0.9417989417989417
ordinary-3d,0.5,6,OpenCV-SQPNP-RANSAC-REFINE,True,True,0.36694328185367947,0.34885002766417594,28.806177,-1,91,1.0,0.91,0.9528795811518325
ordinary-3d,0.5,6,LoP4P,True,True,0.28934741504415695,0.3219789309983601,192.743251,110,90,1.0,0.9,0.9473684210526316
ordinary-3d,0.5,6,RPnP++,True,True,0.3491251953226551,0.2827812429191896,1.516558,6,91,1.0,0.91,0.9528795811518325
ordinary-3d,0.7,6,OpenCV-P3P-RANSAC,True,True,0.5298726724288391,0.3543880975014833,50.310085,-1,88,1.0,0.88,0.9361702127659575
ordinary-3d,0.7,6,OpenCV-AP3P-RANSAC,True,True,0.5298726724288391,0.3543880975014833,52.329921,-1,88,1.0,0.88,0.9361702127659575
ordinary-3d,0.7,6,OpenCV-EPNP-RANSAC,True,True,0.29965945284303297,0.15728538890489377,347.676369,-1,91,1.0,0.91,0.9528795811518325
ordinary-3d,0.7,6,OpenCV-SQPNP-RANSAC-REFINE,True,True,0.3200859611327069,0.1699929214134952,348.821573,-1,90,1.0,0.9,0.9473684210526316
ordinary-3d,0.7,6,LoP4P,True,True,0.34808276085785816,0.302893288214374,1412.875659,861,90,1.0,0.9,0.9473684210526316
ordinary-3d,0.7,6,RPnP++,True,True,0.2594539619597979,0.24293559513277158,3.730108,19,90,1.0,0.9,0.9473684210526316
ordinary-3d,0.8,6,OpenCV-P3P-RANSAC,True,True,0.6309215026354941,0.8082276800462693,203.788201,-1,85,1.0,0.85,0.9189189189189189
ordinary-3d,0.8,6,OpenCV-AP3P-RANSAC,True,True,0.6309215026354941,0.8082276800462693,211.48225,-1,85,1.0,0.85,0.9189189189189189
ordinary-3d,0.8,6,OpenCV-EPNP-RANSAC,True,True,0.41532667805269347,0.4509177712679189,443.059074,-1,82,1.0,0.82,0.9010989010989011
ordinary-3d,0.8,6,OpenCV-SQPNP-RANSAC-REFINE,True,True,0.4787130160595607,0.6159364051095321,443.593551,-1,80,1.0,0.8,0.888888888888889
ordinary-3d,0.8,6,LoP4P,True,True,0.2709468736709503,0.23248727412897066,7169.690856,4385,90,1.0,0.9,0.9473684210526316
ordinary-3d,0.8,6,RPnP++,True,True,0.3596317263185408,0.13355131627018288,9.154387,35,90,1.0,0.9,0.9473684210526316
ordinary-3d,0.9,6,OpenCV-P3P-RANSAC,True,True,0.4324273043186189,0.7259032103355051,296.399113,-1,87,0.9885057471264368,0.86,0.9197860962566845
ordinary-3d,0.9,6,OpenCV-AP3P-RANSAC,True,True,0.4324273043186189,0.7259032103355051,302.832846,-1,87,0.9885057471264368,0.86,0.9197860962566845
ordinary-3d,0.9,6,OpenCV-EPNP-RANSAC,True,False,6.496233445426311,4.362339488596287,540.334807,-1,10,1.0,0.1,0.18181818181818182
ordinary-3d,0.9,6,OpenCV-SQPNP-RANSAC-REFINE,True,False,8.309971293092143,4.104301725171332,540.284074,-1,7,1.0,0.07,0.13084112149532712
ordinary-3d,0.9,6,LoP4P,True,True,0.3117408737054795,0.8481188307841168,8561.263081,5000,84,0.9880952380952381,0.83,0.9021739130434783
ordinary-3d,0.9,6,RPnP++,True,True,0.3448280994369513,0.26225404925667145,52.158815,142,92,0.9891304347826086,0.91,0.9479166666666667
ordinary-3d,0.95,6,OpenCV-P3P-RANSAC,True,True,4.1442588915751415,2.2131159511799483,485.54912,-1,28,0.9642857142857143,0.27,0.421875
ordinary-3d,0.95,6,OpenCV-AP3P-RANSAC,True,True,4.1442588915751415,2.2131159511799483,492.396204,-1,28,0.9642857142857143,0.27,0.421875
ordinary-3d,0.95,6,OpenCV-EPNP-RANSAC,True,False,46.07104664499435,49.12343134825093,741.089339,-1,9,0.2222222222222222,0.02,0.03669724770642202
ordinary-3d,0.95,6,OpenCV-SQPNP-RANSAC-REFINE,True,False,46.366643785779964,50.01476523632189,734.693576,-1,8,0.125,0.01,0.018518518518518517
ordinary-3d,0.95,6,LoP4P,True,False,84.42408372344549,91.17132399415411,9128.710752,5000,8,0.0,0.0,0.0
ordinary-3d,0.95,6,RPnP++,True,True,0.35151293333085637,0.3100095197383229,333.977632,569,92,0.9891304347826086,0.91,0.9479166666666667
ordinary-3d,0.05,7,OpenCV-P3P-RANSAC,True,True,0.322690761313164,0.24167498218696706,0.84061,-1,82,1.0,0.82,0.9010989010989011
ordinary-3d,0.05,7,OpenCV-AP3P-RANSAC,True,True,0.322690761313164,0.24167498218696706,0.761116,-1,82,1.0,0.82,0.9010989010989011
ordinary-3d,0.05,7,OpenCV-EPNP-RANSAC,True,True,0.2624161276675201,0.2760132215241478,1.56837,-1,82,1.0,0.82,0.9010989010989011
ordinary-3d,0.05,7,OpenCV-SQPNP-RANSAC-REFINE,True,True,0.2666948996167704,0.2558337418778622,1.795458,-1,83,1.0,0.83,0.9071038251366119
ordinary-3d,0.05,7,LoP4P,True,True,0.21273601153459162,0.11052055165459093,19.663231,10,83,1.0,0.83,0.9071038251366119
ordinary-3d,0.05,7,RPnP++,True,True,0.20540642497115758,0.376728925685011,1.273206,3,83,1.0,0.83,0.9071038251366119
ordinary-3d,0.25,7,OpenCV-P3P-RANSAC,True,True,0.1951877232333514,0.1155344348215868,1.81712,-1,82,1.0,0.82,0.9010989010989011
ordinary-3d,0.25,7,OpenCV-AP3P-RANSAC,True,True,0.1951877232333514,0.1155344348215868,1.875239,-1,82,1.0,0.82,0.9010989010989011
ordinary-3d,0.25,7,OpenCV-EPNP-RANSAC,True,True,0.1856573269691817,0.3314936940391463,4.224487,-1,83,1.0,0.83,0.9071038251366119
ordinary-3d,0.25,7,OpenCV-SQPNP-RANSAC-REFINE,True,True,0.2060498279562781,0.2642586997835599,4.401033,-1,84,1.0,0.84,0.9130434782608696
ordinary-3d,0.25,7,LoP4P,True,True,0.3307654463251111,0.42822269632880344,47.53107,28,83,1.0,0.83,0.9071038251366119
ordinary-3d,0.25,7,RPnP++,True,True,0.14891593919183374,0.359888129464321,1.420266,3,84,1.0,0.84,0.9130434782608696
ordinary-3d,0.5,7,OpenCV-P3P-RANSAC,True,True,0.5072138742201188,0.619477571912858,8.466223,-1,81,1.0,0.81,0.8950276243093923
ordinary-3d,0.5,7,OpenCV-AP3P-RANSAC,True,True,0.5072138742201188,0.619477571912858,8.549255,-1,81,1.0,0.81,0.8950276243093923
ordinary-3d,0.5,7,OpenCV-EPNP-RANSAC,True,True,0.9062829574379007,0.0713894319619262,44.578692,-1,79,1.0,0.79,0.8826815642458101
ordinary-3d,0.5,7,OpenCV-SQPNP-RANSAC-REFINE,True,True,0.7112024922952268,0.18011682749864244,44.789144,-1,81,1.0,0.81,0.8950276243093923
ordinary-3d,0.5,7,LoP4P,True,True,0.4655624422383808,0.12446296698460715,262.686019,161,82,1.0,0.82,0.9010989010989011
ordinary-3d,0.5,7,RPnP++,True,True,0.14645723112830228,0.3375306758205068,1.716125,8,84,1.0,0.84,0.9130434782608696
ordinary-3d,0.7,7,OpenCV-P3P-RANSAC,True,True,0.4996022180912367,0.45058244874126946,58.875524,-1,77,1.0,0.77,0.8700564971751412
ordinary-3d,0.7,7,OpenCV-AP3P-RANSAC,True,True,0.4996022180912367,0.45058244874126946,60.599199,-1,77,1.0,0.77,0.8700564971751412
ordinary-3d,0.7,7,OpenCV-EPNP-RANSAC,True,True,0.4915355823020057,0.1986062646465663,409.835459,-1,80,1.0,0.8,0.888888888888889
ordinary-3d,0.7,7,OpenCV-SQPNP-RANSAC-REFINE,True,True,0.4559131613467205,0.22893017324513038,410.500302,-1,80,1.0,0.8,0.888888888888889
ordinary-3d,0.7,7,LoP4P,True,True,0.4343227474166784,0.31915539994792336,1935.872783,1191,83,1.0,0.83,0.9071038251366119
ordinary-3d,0.7,7,RPnP++,True,True,0.13878994468992992,0.4040644728111508,4.289632,23,85,1.0,0.85,0.9189189189189189
ordinary-3d,0.8,7,OpenCV-P3P-RANSAC,True,True,0.3976864712508435,0.11996590825733916,203.769545,-1,81,1.0,0.81,0.8950276243093923
ordinary-3d,0.8,7,OpenCV-AP3P-RANSAC,True,True,0.3976864712508435,0.11996590825733916,210.275176,-1,81,1.0,0.81,0.8950276243093923
ordinary-3d,0.8,7,OpenCV-EPNP-RANSAC,True,True,0.6980751761256335,0.3433074501305744,443.886823,-1,80,1.0,0.8,0.888888888888889
ordinary-3d,0.8,7,OpenCV-SQPNP-RANSAC-REFINE,True,True,0.6697805124698873,0.2556303457669115,443.827512,-1,80,1.0,0.8,0.888888888888889
ordinary-3d,0.8,7,LoP4P,True,True,0.5075887438048257,0.7046745074217647,8145.428215,5000,82,1.0,0.82,0.9010989010989011
ordinary-3d,0.8,7,RPnP++,True,True,0.1777466731123209,0.3410581420756782,10.264967,43,83,1.0,0.83,0.9071038251366119
ordinary-3d,0.9,7,OpenCV-P3P-RANSAC,True,True,0.4701594446589136,0.4624566261696212,298.51769,-1,76,1.0,0.76,0.8636363636363636
ordinary-3d,0.9,7,OpenCV-AP3P-RANSAC,True,True,0.4701594446589136,0.4624566261696212,304.084371,-1,76,1.0,0.76,0.8636363636363636
ordinary-3d,0.9,7,OpenCV-EPNP-RANSAC,True,False,122.84498875840079,36.030155080446185,541.543726,-1,6,0.5,0.03,0.056603773584905655
ordinary-3d,0.9,7,OpenCV-SQPNP-RANSAC-REFINE,True,False,123.26513704138362,34.50852947251582,541.711943,-1,6,0.5,0.03,0.056603773584905655
ordinary-3d,0.9,7,LoP4P,True,True,1.1908079734581063,0.40210032216752317,8575.760749,5000,73,1.0,0.73,0.8439306358381503
ordinary-3d,0.9,7,RPnP++,True,True,0.12867617901519673,0.3457915830099286,65.382852,171,83,1.0,0.83,0.9071038251366119
ordinary-3d,0.95,7,OpenCV-P3P-RANSAC,True,False,20.501893431271128,3.5012102014488775,482.293431,-1,8,0.75,0.06,0.1111111111111111
ordinary-3d,0.95,7,OpenCV-AP3P-RANSAC,True,False,20.501893431271128,3.5012102014488775,494.018021,-1,8,0.75,0.06,0.1111111111111111
ordinary-3d,0.95,7,OpenCV-EPNP-RANSAC,True,False,20.360204825188863,10.071552870616443,738.675689,-1,7,0.5714285714285714,0.04,0.07476635514018691
ordinary-3d,0.95,7,OpenCV-SQPNP-RANSAC-REFINE,True,False,19.93267165573705,9.890953400170435,739.184643,-1,7,0.5714285714285714,0.04,0.07476635514018691
ordinary-3d,0.95,7,LoP4P,True,False,48.565158175007475,13.084476971379456,9063.733509,5000,8,0.5,0.04,0.07407407407407407
ordinary-3d,0.95,7,RPnP++,True,True,0.1517371186867195,0.4009036026744012,387.935156,666,84,0.9880952380952381,0.83,0.9021739130434783
ordinary-3d,0.05,8,OpenCV-P3P-RANSAC,True,True,0.5411524489205934,0.2786915446306703,0.874551,-1,84,1.0,0.84,0.9130434782608696
ordinary-3d,0.05,8,OpenCV-AP3P-RANSAC,True,True,0.5411524489205934,0.2786915446306703,0.846655,-1,84,1.0,0.84,0.9130434782608696
ordinary-3d,0.05,8,OpenCV-EPNP-RANSAC,True,True,0.5484250111801201,0.2643306687962116,1.688607,-1,82,1.0,0.82,0.9010989010989011
ordinary-3d,0.05,8,OpenCV-SQPNP-RANSAC-REFINE,True,True,0.4211252560311795,0.40805653246685886,1.864321,-1,86,1.0,0.86,0.924731182795699
ordinary-3d,0.05,8,LoP4P,True,True,0.45380337641327034,0.2056275085692973,14.424857,7,88,1.0,0.88,0.9361702127659575
ordinary-3d,0.05,8,RPnP++,True,True,0.49694383605204057,0.1461244870629738,0.778603,1,88,1.0,0.88,0.9361702127659575
ordinary-3d,0.25,8,OpenCV-P3P-RANSAC,True,True,0.5796202859009894,0.26500848156791174,2.341198,-1,86,1.0,0.86,0.924731182795699
ordinary-3d,0.25,8,OpenCV-AP3P-RANSAC,True,True,0.5796202859009894,0.26500848156791174,2.413174,-1,86,1.0,0.86,0.924731182795699
ordinary-3d,0.25,8,OpenCV-EPNP-RANSAC,True,True,0.8773345962673994,0.0855376707671665,5.320085,-1,86,1.0,0.86,0.924731182795699
ordinary-3d,0.25,8,OpenCV-SQPNP-RANSAC-REFINE,True,True,0.7629565105058534,0.08250391517637776,5.512138,-1,86,1.0,0.86,0.924731182795699
ordinary-3d,0.25,8,LoP4P,True,True,0.6481345998553765,0.2530864438868442,40.172806,23,87,1.0,0.87,0.9304812834224598
ordinary-3d,0.25,8,RPnP++,True,True,0.496949856707793,0.1461268679291416,0.917647,2,88,1.0,0.88,0.9361702127659575
ordinary-3d,0.5,8,OpenCV-P3P-RANSAC,True,True,1.1041227804839668,0.10891495218281397,7.171258,-1,83,1.0,0.83,0.9071038251366119
ordinary-3d,0.5,8,OpenCV-AP3P-RANSAC,True,True,1.1041227804839668,0.10891495218281397,7.389655,-1,83,1.0,0.83,0.9071038251366119
ordinary-3d,0.5,8,OpenCV-EPNP-RANSAC,True,True,0.11888896234138949,0.16114113510225378,39.259229,-1,87,1.0,0.87,0.9304812834224598
ordinary-3d,0.5,8,OpenCV-SQPNP-RANSAC-REFINE,True,True,0.28752910973565476,0.02513056705921817,39.406162,-1,88,1.0,0.88,0.9361702127659575
ordinary-3d,0.5,8,LoP4P,True,True,0.4667282968397784,0.15213146318394097,199.952825,121,88,1.0,0.88,0.9361702127659575
ordinary-3d,0.5,8,RPnP++,True,True,0.4969786517617569,0.1461226428424947,1.805086,6,88,1.0,0.88,0.9361702127659575
ordinary-3d,0.7,8,OpenCV-P3P-RANSAC,True,True,0.3000046281970993,0.37377667602590037,69.868856,-1,85,1.0,0.85,0.9189189189189189
ordinary-3d,0.7,8,OpenCV-AP3P-RANSAC,True,True,0.3000046281970993,0.37377667602590037,73.083286,-1,85,1.0,0.85,0.9189189189189189
ordinary-3d,0.7,8,OpenCV-EPNP-RANSAC,True,True,0.6288203762679523,0.14187823801558544,407.882268,-1,87,1.0,0.87,0.9304812834224598
ordinary-3d,0.7,8,OpenCV-SQPNP-RANSAC-REFINE,True,True,0.7234514169169474,0.2610867794062511,410.055214,-1,85,1.0,0.85,0.9189189189189189
ordinary-3d,0.7,8,LoP4P,True,True,0.506766459735185,0.21077354423273176,1539.765055,942,88,1.0,0.88,0.9361702127659575
ordinary-3d,0.7,8,RPnP++,True,True,0.4969421489186498,0.1461261816202485,3.336101,16,88,1.0,0.88,0.9361702127659575
ordinary-3d,0.8,8,OpenCV-P3P-RANSAC,True,True,1.0251610229293844,0.22093302069553572,206.090302,-1,80,1.0,0.8,0.888888888888889
ordinary-3d,0.8,8,OpenCV-AP3P-RANSAC,True,True,1.0251610229293844,0.22093302069553572,212.165666,-1,80,1.0,0.8,0.888888888888889
ordinary-3d,0.8,8,OpenCV-EPNP-RANSAC,True,True,0.7021014206116627,0.6714480390726506,446.221203,-1,77,1.0,0.77,0.8700564971751412
ordinary-3d,0.8,8,OpenCV-SQPNP-RANSAC-REFINE,True,True,0.4096732101742788,0.7583967665270293,447.202069,-1,78,1.0,0.78,0.8764044943820225
ordinary-3d,0.8,8,LoP4P,True,True,0.2563616943355672,0.2324495011074395,7889.152452,4798,88,1.0,0.88,0.9361702127659575
ordinary-3d,0.8,8,RPnP++,True,True,0.4969645986487052,0.14612581505870478,8.316508,35,88,1.0,0.88,0.9361702127659575
ordinary-3d,0.9,8,OpenCV-P3P-RANSAC,True,True,0.2215729287132707,0.5002784245796669,297.17146,-1,84,0.9880952380952381,0.83,0.9021739130434783
ordinary-3d,0.9,8,OpenCV-AP3P-RANSAC,True,True,0.2215729287132707,0.5002784245796669,309.488447,-1,84,0.9880952380952381,0.83,0.9021739130434783
ordinary-3d,0.9,8,OpenCV-EPNP-RANSAC,True,False,120.78450825975655,4.086034035467859,549.295157,-1,5,0.0,0.0,0.0
ordinary-3d,0.9,8,OpenCV-SQPNP-RANSAC-REFINE,True,False,121.08477293759165,4.120964549036628,542.821579,-1,5,0.0,0.0,0.0
ordinary-3d,0.9,8,LoP4P,True,False,46.76397082669268,26.26615875413007,8536.651401,5000,5,1.0,0.05,0.09523809523809523
ordinary-3d,0.9,8,RPnP++,True,True,0.5095924355686052,0.13990368794290295,56.33764,136,90,0.9777777777777777,0.88,0.9263157894736842
ordinary-3d,0.95,8,OpenCV-P3P-RANSAC,True,False,152.53500966162457,2.180859138655296,488.756223,-1,9,0.0,0.0,0.0
ordinary-3d,0.95,8,OpenCV-AP3P-RANSAC,True,False,152.53500966162457,2.180859138655296,498.194535,-1,9,0.0,0.0,0.0
ordinary-3d,0.95,8,OpenCV-EPNP-RANSAC,True,False,172.09433917456326,32.41153974634725,738.017837,-1,7,0.0,0.0,0.0
ordinary-3d,0.95,8,OpenCV-SQPNP-RANSAC-REFINE,True,False,172.03752616714064,32.12028607849353,753.440542,-1,8,0.0,0.0,0.0
ordinary-3d,0.95,8,LoP4P,True,False,36.20687776156047,37.46964629764923,9124.875834,5000,7,0.2857142857142857,0.02,0.037383177570093455
ordinary-3d,0.95,8,RPnP++,True,True,0.49711238425547327,0.14610276891780927,337.298582,569,88,1.0,0.88,0.9361702127659575
ordinary-3d,0.05,9,OpenCV-P3P-RANSAC,True,True,0.10651706762184286,0.32192619100678405,0.927383,-1,85,1.0,0.85,0.9189189189189189
ordinary-3d,0.05,9,OpenCV-AP3P-RANSAC,True,True,0.10651706762184286,0.32192619100678405,0.847358,-1,85,1.0,0.85,0.9189189189189189
ordinary-3d,0.05,9,OpenCV-EPNP-RANSAC,True,True,0.3016170656787276,0.1560301372463409,1.813515,-1,85,1.0,0.85,0.9189189189189189
ordinary-3d,0.05,9,OpenCV-SQPNP-RANSAC-REFINE,True,True,0.4566468878465448,0.1576535463516913,1.99876,-1,84,1.0,0.84,0.9130434782608696
ordinary-3d,0.05,9,LoP4P,True,True,0.39498487311735414,0.1976828393727532,20.37839,7,89,1.0,0.89,0.9417989417989417
ordinary-3d,0.05,9,RPnP++,True,True,0.09037649185127673,0.20324189784795144,0.803202,1,88,1.0,0.88,0.9361702127659575
ordinary-3d,0.25,9,OpenCV-P3P-RANSAC,True,True,0.27546557571413977,0.22135061861985492,1.214184,-1,87,1.0,0.87,0.9304812834224598
ordinary-3d,0.25,9,OpenCV-AP3P-RANSAC,True,True,0.27546557571413977,0.22135061861985492,1.300438,-1,87,1.0,0.87,0.9304812834224598
ordinary-3d,0.25,9,OpenCV-EPNP-RANSAC,True,True,0.21587891106582682,0.21955645043504105,3.317858,-1,87,1.0,0.87,0.9304812834224598
ordinary-3d,0.25,9,OpenCV-SQPNP-RANSAC-REFINE,True,True,0.1507671191634755,0.157633193849664,3.512747,-1,87,1.0,0.87,0.9304812834224598
ordinary-3d,0.25,9,LoP4P,True,True,0.1523264172347686,0.17847768306305622,40.069094,22,88,1.0,0.88,0.9361702127659575
ordinary-3d,0.25,9,RPnP++,True,True,0.09036305663513147,0.20323923479875372,1.035869,3,88,1.0,0.88,0.9361702127659575
ordinary-3d,0.5,9,OpenCV-P3P-RANSAC,True,True,0.11029494434822434,0.28789557997145615,6.985927,-1,87,1.0,0.87,0.9304812834224598
ordinary-3d,0.5,9,OpenCV-AP3P-RANSAC,True,True,0.11029494434822434,0.28789557997145615,7.032598,-1,87,1.0,0.87,0.9304812834224598
ordinary-3d,0.5,9,OpenCV-EPNP-RANSAC,True,True,0.306664765132043,0.23906311410819744,22.760014,-1,88,1.0,0.88,0.9361702127659575
ordinary-3d,0.5,9,OpenCV-SQPNP-RANSAC-REFINE,True,True,0.36241984803184324,0.21824702254574624,22.992095,-1,88,1.0,0.88,0.9361702127659575
ordinary-3d,0.5,9,LoP4P,True,True,0.35393831702903694,0.21197902256554496,200.429905,116,89,1.0,0.89,0.9417989417989417
ordinary-3d,0.5,9,RPnP++,True,True,0.3241660544168607,0.10690461927109673,1.873678,9,88,1.0,0.88,0.9361702127659575
ordinary-3d,0.7,9,OpenCV-P3P-RANSAC,True,True,0.15800522886109017,0.16184329000057457,38.095287,-1,88,1.0,0.88,0.9361702127659575
ordinary-3d,0.7,9,OpenCV-AP3P-RANSAC,True,True,0.15800522886109017,0.16184329000057457,39.296612,-1,88,1.0,0.88,0.9361702127659575
ordinary-3d,0.7,9,OpenCV-EPNP-RANSAC,True,True,0.2135928079071778,0.24073022145765918,409.536793,-1,87,1.0,0.87,0.9304812834224598
ordinary-3d,0.7,9,OpenCV-SQPNP-RANSAC-REFINE,True,True,0.29888494392608095,0.15723143393379743,411.236567,-1,87,1.0,0.87,0.9304812834224598
ordinary-3d,0.7,9,LoP4P,True,True,0.2668915753356703,0.18170384952174928,1526.821064,942,88,1.0,0.88,0.9361702127659575
ordinary-3d,0.7,9,RPnP++,True,True,0.09056141930419488,0.20315971583330025,11.578339,73,88,1.0,0.88,0.9361702127659575
ordinary-3d,0.8,9,OpenCV-P3P-RANSAC,True,True,0.23063899438616153,0.618922526142368,203.806223,-1,87,0.9885057471264368,0.86,0.9197860962566845
ordinary-3d,0.8,9,OpenCV-AP3P-RANSAC,True,True,0.23063899438616153,0.618922526142368,210.197213,-1,87,0.9885057471264368,0.86,0.9197860962566845
ordinary-3d,0.8,9,OpenCV-EPNP-RANSAC,True,True,0.2504097427942221,0.13290796768361232,443.392262,-1,87,1.0,0.87,0.9304812834224598
ordinary-3d,0.8,9,OpenCV-SQPNP-RANSAC-REFINE,True,True,0.26392046261830177,0.11869645700662233,443.721252,-1,86,1.0,0.86,0.924731182795699
ordinary-3d,0.8,9,LoP4P,True,True,0.18191049354174785,0.18547917083324172,7540.38063,4586,89,0.9887640449438202,0.88,0.9312169312169312
ordinary-3d,0.8,9,RPnP++,True,True,0.10279803634697021,0.20137362066446202,7.81736,35,88,0.9886363636363636,0.87,0.925531914893617
ordinary-3d,0.9,9,OpenCV-P3P-RANSAC,True,True,0.6711830253055455,0.25552099538860656,297.817314,-1,82,1.0,0.82,0.9010989010989011
ordinary-3d,0.9,9,OpenCV-AP3P-RANSAC,True,True,0.6711830253055455,0.25552099538860656,303.691001,-1,82,1.0,0.82,0.9010989010989011
ordinary-3d,0.9,9,OpenCV-EPNP-RANSAC,False,False,180.0,inf,541.195055,-1,0,0.0,0.0,0.0
ordinary-3d,0.9,9,OpenCV-SQPNP-RANSAC-REFINE,False,False,180.0,inf,549.120774,-1,0,0.0,0.0,0.0
ordinary-3d,0.9,9,LoP4P,True,True,1.8825520300390866,0.9371825004981851,8564.816868,5000,55,1.0,0.55,0.7096774193548387
ordinary-3d,0.9,9,RPnP++,True,True,0.1612690384738262,0.10127567421992206,51.51128,142,87,1.0,0.87,0.9304812834224598
ordinary-3d,0.95,9,OpenCV-P3P-RANSAC,True,True,0.498760414894406,1.0316338839939263,488.281857,-1,72,0.9583333333333334,0.69,0.8023255813953488
ordinary-3d,0.95,9,OpenCV-AP3P-RANSAC,True,True,0.498760414894406,1.0316338839939263,494.845128,-1,72,0.9583333333333334,0.69,0.8023255813953488
ordinary-3d,0.95,9,OpenCV-EPNP-RANSAC,True,False,131.2061172792471,18.69007064247347,754.708073,-1,7,0.0,0.0,0.0
ordinary-3d,0.95,9,OpenCV-SQPNP-RANSAC-REFINE,True,False,131.58886149806182,18.965742368783662,742.193332,-1,7,0.0,0.0,0.0
ordinary-3d,0.95,9,LoP4P,True,False,114.5311821496488,19.51352729180491,9163.928929,5000,7,0.0,0.0,0.0
ordinary-3d,0.95,9,RPnP++,True,True,0.17087171767230197,0.22499251594244657,373.393879,622,93,0.956989247311828,0.89,0.922279792746114
quasi-singular,0.05,0,OpenCV-P3P-RANSAC,True,True,0.20652672011354162,1.2148695048394833,0.960598,-1,79,1.0,0.79,0.8826815642458101
quasi-singular,0.05,0,OpenCV-AP3P-RANSAC,True,True,0.20652672011354162,1.2148695048394833,0.895912,-1,79,1.0,0.79,0.8826815642458101
quasi-singular,0.05,0,OpenCV-EPNP-RANSAC,True,True,1.6717099412154384,2.095764926168474,2.377185,-1,77,1.0,0.77,0.8700564971751412
quasi-singular,0.05,0,OpenCV-SQPNP-RANSAC-REFINE,True,True,1.5532345773254328,1.2074619520953929,2.606611,-1,80,1.0,0.8,0.888888888888889
quasi-singular,0.05,0,LoP4P,True,True,0.5560674878455033,0.5533088927263854,23.237513,9,84,1.0,0.84,0.9130434782608696
quasi-singular,0.05,0,RPnP++,True,True,0.5623436033814068,0.7507979668065731,0.83681,1,85,1.0,0.85,0.9189189189189189
quasi-singular,0.25,0,OpenCV-P3P-RANSAC,True,True,2.00592545609458,0.7070652071998859,2.116057,-1,79,1.0,0.79,0.8826815642458101
quasi-singular,0.25,0,OpenCV-AP3P-RANSAC,True,True,2.00592545609458,0.7070652071998859,2.166576,-1,79,1.0,0.79,0.8826815642458101
quasi-singular,0.25,0,OpenCV-EPNP-RANSAC,True,True,0.2899317488136396,1.1113397569639942,4.319872,-1,84,1.0,0.84,0.9130434782608696
quasi-singular,0.25,0,OpenCV-SQPNP-RANSAC-REFINE,True,True,0.2740758034954807,0.6411508442495681,4.498073,-1,85,1.0,0.85,0.9189189189189189
quasi-singular,0.25,0,LoP4P,True,True,0.40078348106364087,0.49120627607180817,54.02784,27,84,1.0,0.84,0.9130434782608696
quasi-singular,0.25,0,RPnP++,True,True,0.6013951041869228,0.7817538344485443,1.418941,2,84,1.0,0.84,0.9130434782608696
quasi-singular,0.5,0,OpenCV-P3P-RANSAC,True,True,0.8566346384221643,1.4434590494283093,8.32557,-1,85,1.0,0.85,0.9189189189189189
quasi-singular,0.5,0,OpenCV-AP3P-RANSAC,True,True,0.8566346384221643,1.4434590494283093,8.290648,-1,85,1.0,0.85,0.9189189189189189
quasi-singular,0.5,0,OpenCV-EPNP-RANSAC,True,True,0.46715728381120947,1.421630003429335,29.769144,-1,84,1.0,0.84,0.9130434782608696
quasi-singular,0.5,0,OpenCV-SQPNP-RANSAC-REFINE,True,True,0.3302899073152129,0.7697410722242007,29.953767,-1,84,1.0,0.84,0.9130434782608696
quasi-singular,0.5,0,LoP4P,True,True,0.8140078112002177,0.25507958836310407,259.219459,146,84,1.0,0.84,0.9130434782608696
quasi-singular,0.5,0,RPnP++,True,True,0.6346238653212264,0.8240301796606925,1.845425,6,85,1.0,0.85,0.9189189189189189
quasi-singular,0.7,0,OpenCV-P3P-RANSAC,True,True,0.6088869462277092,1.1357765793631136,80.519149,-1,83,1.0,0.83,0.9071038251366119
quasi-singular,0.7,0,OpenCV-AP3P-RANSAC,True,True,0.6088869462277092,1.1357765793631136,80.069678,-1,83,1.0,0.83,0.9071038251366119
quasi-singular,0.7,0,OpenCV-EPNP-RANSAC,True,True,1.1117887830301836,0.17755346939814257,402.083822,-1,82,1.0,0.82,0.9010989010989011
quasi-singular,0.7,0,OpenCV-SQPNP-RANSAC-REFINE,True,True,0.8552348554532029,0.38101284877070346,402.040694,-1,82,1.0,0.82,0.9010989010989011
quasi-singular,0.7,0,LoP4P,True,True,0.5773304438151926,0.6512340332805244,2071.060979,1136,84,1.0,0.84,0.9130434782608696
quasi-singular,0.7,0,RPnP++,True,True,0.5361040396914079,0.6799645731605197,10.211172,16,85,1.0,0.85,0.9189189189189189
quasi-singular,0.8,0,OpenCV-P3P-RANSAC,True,True,0.42853590508813594,1.172338488576064,213.213591,-1,89,0.9662921348314607,0.86,0.9100529100529101
quasi-singular,0.8,0,OpenCV-AP3P-RANSAC,True,True,0.42853590508813594,1.172338488576064,214.063863,-1,89,0.9662921348314607,0.86,0.9100529100529101
quasi-singular,0.8,0,OpenCV-EPNP-RANSAC,True,True,1.6909124090448129,4.668132481586337,434.346873,-1,67,0.9402985074626866,0.63,0.7544910179640718
quasi-singular,0.8,0,OpenCV-SQPNP-RANSAC-REFINE,True,True,2.0340629870160445,3.2276071394746704,433.460111,-1,72,0.9444444444444444,0.68,0.7906976744186047
quasi-singular,0.8,0,LoP4P,True,True,0.2290745617391334,0.8718573369452862,9220.390805,5000,86,0.9651162790697675,0.83,0.8924731182795699
quasi-singular,0.8,0,RPnP++,True,True,0.6672854389645099,0.6981410513444631,27.751349,35,88,0.9659090909090909,0.85,0.9042553191489362
quasi-singular,0.9,0,OpenCV-P3P-RANSAC,True,True,0.9597469640302124,0.394640102110058,309.801066,-1,74,0.9864864864864865,0.73,0.839080459770115
quasi-singular,0.9,0,OpenCV-AP3P-RANSAC,True,True,0.9597469640302124,0.394640102110058,307.574257,-1,74,0.9864864864864865,0.73,0.839080459770115
quasi-singular,0.9,0,OpenCV-EPNP-RANSAC,True,False,13.97197929720471,14.579476999502553,531.391204,-1,21,0.6666666666666666,0.14,0.23140495867768596
quasi-singular,0.9,0,OpenCV-SQPNP-RANSAC-REFINE,True,False,14.497255806280334,16.275413816443688,533.970829,-1,19,0.6842105263157895,0.13,0.2184873949579832
quasi-singular,0.9,0,LoP4P,True,True,0.843133368884927,1.9383967680496328,9563.966318,5000,89,0.9438202247191011,0.84,0.888888888888889
quasi-singular,0.9,0,RPnP++,True,True,0.8997706858717972,1.4184997770840269,174.693348,133,91,0.945054945054945,0.86,0.9005235602094239
quasi-singular,0.95,0,OpenCV-P3P-RANSAC,True,True,2.1906563302186854,1.3381876230606122,508.759789,-1,51,0.8431372549019608,0.43,0.5695364238410596
quasi-singular,0.95,0,OpenCV-AP3P-RANSAC,True,True,2.1906563302186854,1.3381876230606122,493.813694,-1,51,0.8431372549019608,0.43,0.5695364238410596
quasi-singular,0.95,0,OpenCV-EPNP-RANSAC,True,False,8.413480237622753,21.119674961979733,734.894203,-1,31,0.7419354838709677,0.23,0.35114503816793896
quasi-singular,0.95,0,OpenCV-SQPNP-RANSAC-REFINE,True,False,7.98568292537757,19.510900586635934,740.05595,-1,32,0.71875,0.23,0.3484848484848485
quasi-singular,0.95,0,LoP4P,True,False,12.316185164442254,4.708697995448396,10261.802411,5000,25,0.64,0.16,0.256
quasi-singular,0.95,0,RPnP++,True,True,0.6881439403245139,1.2420988960240278,976.925482,501,94,0.9042553191489362,0.85,0.8762886597938143
quasi-singular,0.05,1,OpenCV-P3P-RANSAC,True,True,0.6652831236809575,1.4780534155464493,0.709882,-1,81,1.0,0.81,0.8950276243093923
quasi-singular,0.05,1,OpenCV-AP3P-RANSAC,True,True,0.6652831236809575,1.4780534155464493,0.620533,-1,81,1.0,0.81,0.8950276243093923
quasi-singular,0.05,1,OpenCV-EPNP-RANSAC,True,True,0.5718468997364495,1.205611151382817,1.190881,-1,81,1.0,0.81,0.8950276243093923
quasi-singular,0.05,1,OpenCV-SQPNP-RANSAC-REFINE,True,True,0.3976430242273143,0.8012227923147113,1.403197,-1,82,1.0,0.82,0.9010989010989011
quasi-singular,0.05,1,LoP4P,True,True,0.7903203126158431,0.37895702712315765,20.959376,9,84,1.0,0.84,0.9130434782608696
quasi-singular,0.05,1,RPnP++,True,True,0.5026311421729,1.1508140648565848,1.000101,2,82,1.0,0.82,0.9010989010989011
quasi-singular,0.25,1,OpenCV-P3P-RANSAC,True,True,0.9717465919927668,0.6355212695354839,1.708903,-1,82,1.0,0.82,0.9010989010989011
quasi-singular,0.25,1,OpenCV-AP3P-RANSAC,True,True,0.9717465919927668,0.6355212695354839,1.720682,-1,82,1.0,0.82,0.9010989010989011
quasi-singular,0.25,1,OpenCV-EPNP-RANSAC,True,True,0.7011656889706903,0.9866350872019508,4.864165,-1,81,1.0,0.81,0.8950276243093923
quasi-singular,0.25,1,OpenCV-SQPNP-RANSAC-REFINE,True,True,0.6694856930511563,0.9591889923921478,5.057077,-1,80,1.0,0.8,0.888888888888889
quasi-singular,0.25,1,LoP4P,True,True,0.8341186652086815,0.36715593450451883,64.428068,30,82,1.0,0.82,0.9010989010989011
quasi-singular,0.25,1,RPnP++,True,True,0.5026152996987485,1.150563881807006,1.511469,3,82,1.0,0.82,0.9010989010989011
quasi-singular,0.5,1,OpenCV-P3P-RANSAC,True,True,0.6771570126087442,1.3165816817847504,6.827495,-1,80,1.0,0.8,0.888888888888889
quasi-singular,0.5,1,OpenCV-AP3P-RANSAC,True,True,0.6771570126087442,1.3165816817847504,6.662566,-1,80,1.0,0.8,0.888888888888889
quasi-singular,0.5,1,OpenCV-EPNP-RANSAC,True,True,0.3205720668504043,0.2527105196024219,31.441754,-1,82,1.0,0.82,0.9010989010989011
quasi-singular,0.5,1,OpenCV-SQPNP-RANSAC-REFINE,True,True,0.32349255905551366,0.5143998747482473,31.619213,-1,82,1.0,0.82,0.9010989010989011
quasi-singular,0.5,1,LoP4P,True,True,0.5620263998805363,0.9347387722211988,312.898373,169,81,1.0,0.81,0.8950276243093923
quasi-singular,0.5,1,RPnP++,True,True,0.5028796297375013,1.1507126452912404,2.308144,6,82,1.0,0.82,0.9010989010989011
quasi-singular,0.7,1,OpenCV-P3P-RANSAC,True,True,0.41591944232129036,0.15486059108563138,62.969144,-1,83,0.9879518072289156,0.82,0.8961748633879781
quasi-singular,0.7,1,OpenCV-AP3P-RANSAC,True,True,0.41591944232129036,0.15486059108563138,62.513308,-1,83,0.9879518072289156,0.82,0.8961748633879781
quasi-singular,0.7,1,OpenCV-EPNP-RANSAC,True,True,0.89830515538277,0.716593091110289,399.506918,-1,85,0.9882352941176471,0.84,0.9081081081081082
quasi-singular,0.7,1,OpenCV-SQPNP-RANSAC-REFINE,True,True,0.7875135403656517,0.911452749509244,399.523255,-1,85,0.9882352941176471,0.84,0.9081081081081082
quasi-singular,0.7,1,LoP4P,True,True,0.6642903416082437,0.5018731268889649,1884.416751,1033,86,0.9883720930232558,0.85,0.9139784946236558
quasi-singular,0.7,1,RPnP++,True,True,0.5901077615606495,0.6697633375085291,11.841566,17,84,0.9880952380952381,0.83,0.9021739130434783
quasi-singular,0.8,1,OpenCV-P3P-RANSAC,True,True,0.6034198571405481,1.4339165854099922,215.627559,-1,84,1.0,0.84,0.9130434782608696
quasi-singular,0.8,1,OpenCV-AP3P-RANSAC,True,True,0.6034198571405481,1.4339165854099922,212.40749,-1,84,1.0,0.84,0.9130434782608696
quasi-singular,0.8,1,OpenCV-EPNP-RANSAC,True,True,0.819600650411612,0.45494513279339766,432.832455,-1,80,1.0,0.8,0.888888888888889
quasi-singular,0.8,1,OpenCV-SQPNP-RANSAC-REFINE,True,True,0.8786889607670922,0.6193651293863418,433.396921,-1,80,1.0,0.8,0.888888888888889
quasi-singular,0.8,1,LoP4P,True,True,0.4436915843858994,0.21352640078655408,9184.28668,5000,83,1.0,0.83,0.9071038251366119
quasi-singular,0.8,1,RPnP++,True,True,0.5049620097088265,0.7552519281146335,28.287024,39,83,1.0,0.83,0.9071038251366119
quasi-singular,0.9,1,OpenCV-P3P-RANSAC,True,True,0.5590348137775972,1.03085400523228,315.510586,-1,86,0.9302325581395349,0.8,0.8602150537634408
quasi-singular,0.9,1,OpenCV-AP3P-RANSAC,True,True,0.5590348137775972,1.03085400523228,312.881285,-1,86,0.9302325581395349,0.8,0.8602150537634408
quasi-singular,0.9,1,OpenCV-EPNP-RANSAC,True,False,25.710444589761313,15.307758396289955,531.977039,-1,16,0.75,0.12,0.20689655172413793
quasi-singular,0.9,1,OpenCV-SQPNP-RANSAC-REFINE,True,False,25.169239570643363,12.641230511538263,530.352652,-1,17,0.7647058823529411,0.13,0.22222222222222224
quasi-singular,0.9,1,LoP4P,True,True,2.48677712925158,0.8875637664652953,9514.271612,5000,78,0.9230769230769231,0.72,0.8089887640449438
quasi-singular,0.9,1,RPnP++,True,True,0.6364006644423664,0.881473170273547,207.577864,139,88,0.9318181818181818,0.82,0.8723404255319149
quasi-singular,0.95,1,OpenCV-P3P-RANSAC,True,True,2.390736213476485,2.0939478164983094,505.349294,-1,67,0.8955223880597015,0.6,0.718562874251497
quasi-singular,0.95,1,OpenCV-AP3P-RANSAC,True,True,2.390736213476485,2.0939478164983094,497.816711,-1,67,0.8955223880597015,0.6,0.718562874251497
quasi-singular,0.95,1,OpenCV-EPNP-RANSAC,True,False,12.112935354791011,12.20398913493574,730.80342,-1,23,0.6956521739130435,0.16,0.2601626016260163
quasi-singular,0.95,1,OpenCV-SQPNP-RANSAC-REFINE,True,False,13.60360358541137,15.228409575162644,727.87314,-1,25,0.68,0.17,0.272
quasi-singular,0.95,1,LoP4P,True,False,130.80770217309785,27.035893684183733,10056.7338,5000,17,0.058823529411764705,0.01,0.017094017094017096
quasi-singular,0.95,1,RPnP++,True,True,0.8525123286584878,0.5932842671762901,956.737132,491,86,0.9302325581395349,0.8,0.8602150537634408
quasi-singular,0.05,2,OpenCV-P3P-RANSAC,True,True,0.41342335522171814,0.17363023789422638,0.790583,-1,80,1.0,0.8,0.888888888888889
quasi-singular,0.05,2,OpenCV-AP3P-RANSAC,True,True,0.41342335522171814,0.17363023789422638,0.703197,-1,80,1.0,0.8,0.888888888888889
quasi-singular,0.05,2,OpenCV-EPNP-RANSAC,True,True,0.8062058960926036,1.3579366733622111,1.979503,-1,80,1.0,0.8,0.888888888888889
quasi-singular,0.05,2,OpenCV-SQPNP-RANSAC-REFINE,True,True,0.7376892467366266,0.6309669587609261,2.152792,-1,82,1.0,0.82,0.9010989010989011
quasi-singular,0.05,2,LoP4P,True,True,0.43918024754736745,0.3272804561595113,21.942947,9,84,1.0,0.84,0.9130434782608696
quasi-singular,0.05,2,RPnP++,True,True,0.34212623151148813,0.9005275125219713,0.924872,1,82,1.0,0.82,0.9010989010989011
quasi-singular,0.25,2,OpenCV-P3P-RANSAC,True,True,0.8240086531383946,0.8418190937570162,1.918439,-1,84,0.9880952380952381,0.83,0.9021739130434783
quasi-singular,0.25,2,OpenCV-AP3P-RANSAC,True,True,0.8240086531383946,0.8418190937570162,1.839066,-1,84,0.9880952380952381,0.83,0.9021739130434783
quasi-singular,0.25,2,OpenCV-EPNP-RANSAC,True,True,0.33234027676733574,0.4056423319842485,3.571915,-1,85,0.9882352941176471,0.84,0.9081081081081082
quasi-singular,0.25,2,OpenCV-SQPNP-RANSAC-REFINE,True,True,0.3316030670403032,0.10204247335570135,3.803568,-1,83,0.9879518072289156,0.82,0.8961748633879781
quasi-singular,0.25,2,LoP4P,True,True,0.34487538461736295,1.231556705619868,54.027032,27,84,0.9880952380952381,0.83,0.9021739130434783
quasi-singular,0.25,2,RPnP++,True,True,0.3670156956563899,0.9221576682059137,1.375057,5,83,0.9879518072289156,0.82,0.8961748633879781
quasi-singular,0.5,2,OpenCV-P3P-RANSAC,True,True,0.6350628583249981,0.5356845446200117,8.458324,-1,81,0.9876543209876543,0.8,0.8839779005524862
quasi-singular,0.5,2,OpenCV-AP3P-RANSAC,True,True,0.6350628583249981,0.5356845446200117,8.366305,-1,81,0.9876543209876543,0.8,0.8839779005524862
quasi-singular,0.5,2,OpenCV-EPNP-RANSAC,True,True,0.35812795200497827,0.24119176490574168,43.23685,-1,81,1.0,0.81,0.8950276243093923
quasi-singular,0.5,2,OpenCV-SQPNP-RANSAC-REFINE,True,True,0.5069156767925235,0.28686124276441677,43.399233,-1,82,1.0,0.82,0.9010989010989011
quasi-singular,0.5,2,LoP4P,True,True,0.6036313056249016,1.5106807244897371,307.425644,161,82,1.0,0.82,0.9010989010989011
quasi-singular,0.5,2,RPnP++,True,True,0.3420716673293731,0.9008614180429321,2.692763,6,82,1.0,0.82,0.9010989010989011
quasi-singular,0.7,2,OpenCV-P3P-RANSAC,True,True,0.5500701157247907,0.5144509889161816,59.212959,-1,82,1.0,0.82,0.9010989010989011
quasi-singular,0.7,2,OpenCV-AP3P-RANSAC,True,True,0.5500701157247907,0.5144509889161816,58.541595,-1,82,1.0,0.82,0.9010989010989011
quasi-singular,0.7,2,OpenCV-EPNP-RANSAC,True,True,0.3656404355821491,0.1480785081969705,398.501227,-1,82,1.0,0.82,0.9010989010989011
quasi-singular,0.7,2,OpenCV-SQPNP-RANSAC-REFINE,True,True,0.3970695727927071,0.12315794649303843,398.802844,-1,81,1.0,0.81,0.8950276243093923
quasi-singular,0.7,2,LoP4P,True,True,0.2400713532326486,1.0639811706538895,2697.92596,1452,79,1.0,0.79,0.8826815642458101
quasi-singular,0.7,2,RPnP++,True,True,0.3421812899893312,0.9004281963966352,14.163383,26,82,1.0,0.82,0.9010989010989011
quasi-singular,0.8,2,OpenCV-P3P-RANSAC,True,True,1.2750668807509897,0.1779280506963605,217.72999,-1,74,1.0,0.74,0.8505747126436781
quasi-singular,0.8,2,OpenCV-AP3P-RANSAC,True,True,1.2750668807509897,0.1779280506963605,213.601802,-1,74,1.0,0.74,0.8505747126436781
quasi-singular,0.8,2,OpenCV-EPNP-RANSAC,True,True,3.5550735837494805,2.161753310090693,432.393219,-1,66,1.0,0.66,0.7951807228915663
quasi-singular,0.8,2,OpenCV-SQPNP-RANSAC-REFINE,True,True,3.640521054758427,3.2773611910215257,431.541444,-1,65,1.0,0.65,0.787878787878788
quasi-singular,0.8,2,LoP4P,True,True,0.313596822875465,1.2173673736906874,9260.757876,5000,82,1.0,0.82,0.9010989010989011
quasi-singular,0.8,2,RPnP++,True,True,0.5454288772204309,1.3449083026097561,29.147609,37,80,1.0,0.8,0.888888888888889
quasi-singular,0.9,2,OpenCV-P3P-RANSAC,True,True,1.5454260144595588,1.654488877918915,310.36708,-1,78,0.9871794871794872,0.77,0.8651685393258428
quasi-singular,0.9,2,OpenCV-AP3P-RANSAC,True,True,1.5454260144595588,1.654488877918915,308.323332,-1,78,0.9871794871794872,0.77,0.8651685393258428
quasi-singular,0.9,2,OpenCV-EPNP-RANSAC,True,True,3.972768412546586,5.463247071835702,533.028164,-1,32,0.9375,0.3,0.45454545454545453
quasi-singular,0.9,2,OpenCV-SQPNP-RANSAC-REFINE,True,True,3.9614668234926875,7.042800521318631,530.890643,-1,30,0.9,0.27,0.41538461538461546
quasi-singular,0.9,2,LoP4P,True,True,3.041605933164498,0.33706540227574594,9544.846466,5000,78,0.9615384615384616,0.75,0.8426966292134831
quasi-singular,0.9,2,RPnP++,True,True,0.25007718328470124,0.9907017585894937,224.727559,155,85,0.9764705882352941,0.83,0.8972972972972972
quasi-singular,0.95,2,OpenCV-P3P-RANSAC,True,True,3.7638307665269273,1.484029449355994,502.16481,-1,35,0.8285714285714286,0.29,0.42962962962962964
quasi-singular,0.95,2,OpenCV-AP3P-RANSAC,True,True,3.7638307665269273,1.484029449355994,497.277339,-1,35,0.8285714285714286,0.29,0.42962962962962964
quasi-singular,0.95,2,OpenCV-EPNP-RANSAC,True,False,17.745398753956234,10.143376316633839,727.507068,-1,17,0.35294117647058826,0.06,0.10256410256410256
quasi-singular,0.95,2,OpenCV-SQPNP-RANSAC-REFINE,True,False,17.989263975976435,9.85798496596729,733.425734,-1,17,0.35294117647058826,0.06,0.10256410256410256
quasi-singular,0.95,2,LoP4P,True,False,4.234969391084645,16.66585942126079,10268.873144,5000,29,0.6896551724137931,0.2,0.310077519379845
quasi-singular,0.95,2,RPnP++,True,True,0.4457291949132193,1.1438639966933948,1144.109752,545,87,0.9310344827586207,0.81,0.8663101604278076
quasi-singular,0.05,3,OpenCV-P3P-RANSAC,True,True,1.725171032059846,0.3127336511653196,0.935139,-1,82,1.0,0.82,0.9010989010989011
quasi-singular,0.05,3,OpenCV-AP3P-RANSAC,True,True,1.725171032059846,0.3127336511653196,0.861779,-1,82,1.0,0.82,0.9010989010989011
quasi-singular,0.05,3,OpenCV-EPNP-RANSAC,True,True,0.611810725830539,0.37915156405793426,1.113262,-1,87,1.0,0.87,0.9304812834224598
quasi-singular,0.05,3,OpenCV-SQPNP-RANSAC-REFINE,True,True,0.3667671214658414,0.691288693624935,1.342043,-1,89,1.0,0.89,0.9417989417989417
quasi-singular,0.05,3,LoP4P,True,True,1.1009603489211017,1.1623908955409004,26.649028,10,83,1.0,0.83,0.9071038251366119
quasi-singular,0.05,3,RPnP++,True,True,0.4877632507546454,0.3155428840141861,0.976097,1,92,1.0,0.92,0.9583333333333334
quasi-singular,0.25,3,OpenCV-P3P-RANSAC,True,True,1.0902805105346847,1.2025326096693294,1.629099,-1,87,1.0,0.87,0.9304812834224598
quasi-singular,0.25,3,OpenCV-AP3P-RANSAC,True,True,1.0902805105346847,1.2025326096693294,1.598671,-1,87,1.0,0.87,0.9304812834224598
quasi-singular,0.25,3,OpenCV-EPNP-RANSAC,True,True,0.700076924626707,1.7912408743780843,4.579151,-1,87,1.0,0.87,0.9304812834224598
quasi-singular,0.25,3,OpenCV-SQPNP-RANSAC-REFINE,True,True,0.5586838887515649,1.237043582143724,4.771913,-1,88,1.0,0.88,0.9361702127659575
quasi-singular,0.25,3,LoP4P,True,True,0.6990799817136841,0.42885185117546637,41.626956,21,89,1.0,0.89,0.9417989417989417
quasi-singular,0.25,3,RPnP++,True,True,0.4875323028249423,0.3163865590892557,0.832251,2,92,1.0,0.92,0.9583333333333334
quasi-singular,0.5,3,OpenCV-P3P-RANSAC,True,True,0.4782500572338204,0.8816847550172868,5.765615,-1,90,1.0,0.9,0.9473684210526316
quasi-singular,0.5,3,OpenCV-AP3P-RANSAC,True,True,0.4782500572338204,0.8816847550172868,5.66837,-1,90,1.0,0.9,0.9473684210526316
quasi-singular,0.5,3,OpenCV-EPNP-RANSAC,True,True,0.6082753685544772,0.2844025626684375,24.818209,-1,90,1.0,0.9,0.9473684210526316
quasi-singular,0.5,3,OpenCV-SQPNP-RANSAC-REFINE,True,True,0.5635175371239781,0.4622471227915481,25.063096,-1,90,1.0,0.9,0.9473684210526316
quasi-singular,0.5,3,LoP4P,True,True,0.7609576746903968,0.695553426743511,219.423432,121,88,1.0,0.88,0.9361702127659575
quasi-singular,0.5,3,RPnP++,True,True,0.4876346818228694,0.316382514327068,2.882461,5,92,1.0,0.92,0.9583333333333334
quasi-singular,0.7,3,OpenCV-P3P-RANSAC,True,True,0.41676344522621545,0.39115246524724356,70.124277,-1,93,0.989247311827957,0.92,0.9533678756476685
quasi-singular,0.7,3,OpenCV-AP3P-RANSAC,True,True,0.41676344522621545,0.39115246524724356,68.772352,-1,93,0.989247311827957,0.92,0.9533678756476685
quasi-singular,0.7,3,OpenCV-EPNP-RANSAC,True,True,0.86045421875887,1.7073783018746207,387.385427,-1,85,0.9882352941176471,0.84,0.9081081081081082
quasi-singular,0.7,3,OpenCV-SQPNP-RANSAC-REFINE,True,True,0.6549493371194594,0.8948560297819131,382.941254,-1,88,0.9886363636363636,0.87,0.925531914893617
quasi-singular,0.7,3,LoP4P,True,True,0.719083366735261,0.6180246106053678,1539.344759,861,90,0.9888888888888889,0.89,0.9368421052631579
quasi-singular,0.7,3,RPnP++,True,True,0.4676067127505153,0.2608576527989109,11.49423,15,93,0.989247311827957,0.92,0.9533678756476685
quasi-singular,0.8,3,OpenCV-P3P-RANSAC,True,True,0.8442390621739863,0.5520544319824928,214.997934,-1,83,1.0,0.83,0.9071038251366119
quasi-singular,0.8,3,OpenCV-AP3P-RANSAC,True,True,0.8442390621739863,0.5520544319824928,213.158275,-1,83,1.0,0.83,0.9071038251366119
quasi-singular,0.8,3,OpenCV-EPNP-RANSAC,True,True,1.2245672978484745,1.315922949121659,441.287945,-1,70,1.0,0.7,0.8235294117647058
quasi-singular,0.8,3,OpenCV-SQPNP-RANSAC-REFINE,True,True,1.0233989155326937,0.19437929147760796,434.696981,-1,72,1.0,0.72,0.8372093023255813
quasi-singular,0.8,3,LoP4P,True,True,0.7627864005201684,0.4305400867140415,8060.432183,4385,90,1.0,0.9,0.9473684210526316
quasi-singular,0.8,3,RPnP++,True,True,0.5205285179186249,0.43758693688988237,23.770448,35,90,1.0,0.9,0.9473684210526316
quasi-singular,0.9,3,OpenCV-P3P-RANSAC,True,True,1.2823909048442617,0.9478372736995999,309.8476,-1,84,0.9880952380952381,0.83,0.9021739130434783
quasi-singular,0.9,3,OpenCV-AP3P-RANSAC,True,True,1.2823909048442617,0.9478372736995999,306.454614,-1,84,0.9880952380952381,0.83,0.9021739130434783
quasi-singular,0.9,3,OpenCV-EPNP-RANSAC,True,False,5.133880756199365,1.1606325823495964,532.328982,-1,42,0.9523809523809523,0.4,0.5633802816901408
quasi-singular,0.9,3,OpenCV-SQPNP-RANSAC-REFINE,True,False,5.26991295788162,3.0291665336048514,536.516459,-1,40,0.95,0.38,0.5428571428571428
quasi-singular,0.9,3,LoP4P,True,True,0.6329882767387648,0.8225779375512684,9549.442022,5000,91,0.989010989010989,0.9,0.9424083769633509
quasi-singular,0.9,3,RPnP++,True,True,0.49912550967425706,0.41591219632370585,202.390054,142,91,0.989010989010989,0.9,0.9424083769633509
quasi-singular,0.95,3,OpenCV-P3P-RANSAC,True,True,3.824579025211241,2.6294683538355677,502.228871,-1,80,0.9125,0.73,0.811111111111111
quasi-singular,0.95,3,OpenCV-AP3P-RANSAC,True,True,3.824579025211241,2.6294683538355677,496.352425,-1,80,0.9125,0.73,0.811111111111111
quasi-singular,0.95,3,OpenCV-EPNP-RANSAC,True,False,14.160829166995688,13.149249149555661,729.063876,-1,18,0.3888888888888889,0.07,0.11864406779661017
quasi-singular,0.95,3,OpenCV-SQPNP-RANSAC-REFINE,True,False,14.362751976252664,14.3150828545669,728.980555,-1,18,0.3888888888888889,0.07,0.11864406779661017
quasi-singular,0.95,3,LoP4P,True,False,173.64957311325844,72.15333064847283,10165.634769,5000,16,0.0625,0.01,0.01724137931034483
quasi-singular,0.95,3,RPnP++,True,True,0.4771089016401134,0.4761692957233375,941.60187,501,91,0.9560439560439561,0.87,0.9109947643979057
quasi-singular,0.05,4,OpenCV-P3P-RANSAC,True,True,0.33976522349969246,2.082303788571153,0.74424,-1,85,1.0,0.85,0.9189189189189189
quasi-singular,0.05,4,OpenCV-AP3P-RANSAC,True,True,0.33976522349969246,2.082303788571153,0.753913,-1,85,1.0,0.85,0.9189189189189189
quasi-singular,0.05,4,OpenCV-EPNP-RANSAC,True,True,0.4544411541586927,0.34303817556677607,1.474101,-1,87,1.0,0.87,0.9304812834224598
quasi-singular,0.05,4,OpenCV-SQPNP-RANSAC-REFINE,True,True,0.4353376660488965,0.37154101056810307,1.69686,-1,88,1.0,0.88,0.9361702127659575
quasi-singular,0.05,4,LoP4P,True,True,0.18560941962938063,0.5318050608215971,22.643864,8,88,1.0,0.88,0.9361702127659575
quasi-singular,0.05,4,RPnP++,True,True,0.32529146339791065,1.0734494522674953,0.828682,1,88,1.0,0.88,0.9361702127659575
quasi-singular,0.25,4,OpenCV-P3P-RANSAC,True,True,0.6901413644344514,1.2975651286570478,1.402973,-1,84,1.0,0.84,0.9130434782608696
quasi-singular,0.25,4,OpenCV-AP3P-RANSAC,True,True,0.6901413644344514,1.2975651286570478,1.396663,-1,84,1.0,0.84,0.9130434782608696
quasi-singular,0.25,4,OpenCV-EPNP-RANSAC,True,True,0.4643878797074971,1.8920177614491944,5.151715,-1,85,1.0,0.85,0.9189189189189189
quasi-singular,0.25,4,OpenCV-SQPNP-RANSAC-REFINE,True,True,0.3757478427689366,1.552794839755615,5.366878,-1,87,1.0,0.87,0.9304812834224598
quasi-singular,0.25,4,LoP4P,True,True,0.22958437633209858,0.6840593316681102,43.312733,22,88,1.0,0.88,0.9361702127659575
quasi-singular,0.25,4,RPnP++,True,True,0.32489135223347965,1.0738763199060728,1.157836,2,88,1.0,0.88,0.9361702127659575
quasi-singular,0.5,4,OpenCV-P3P-RANSAC,True,True,0.9393856826307212,0.31606339366076597,11.265744,-1,86,1.0,0.86,0.924731182795699
quasi-singular,0.5,4,OpenCV-AP3P-RANSAC,True,True,0.9393856826307212,0.31606339366076597,10.916522,-1,86,1.0,0.86,0.924731182795699
quasi-singular,0.5,4,OpenCV-EPNP-RANSAC,True,True,0.20525926299404604,0.9364122984017118,23.50231,-1,86,1.0,0.86,0.924731182795699
quasi-singular,0.5,4,OpenCV-SQPNP-RANSAC-REFINE,True,True,0.15614184669551998,0.63488404300242,23.654807,-1,86,1.0,0.86,0.924731182795699
quasi-singular,0.5,4,LoP4P,True,True,0.31510106857853837,0.9441938407770066,214.991108,116,89,1.0,0.89,0.9417989417989417
quasi-singular,0.5,4,RPnP++,True,True,0.2832954571468158,1.1907330661541082,3.847766,7,88,1.0,0.88,0.9361702127659575
quasi-singular,0.7,4,OpenCV-P3P-RANSAC,True,True,0.18049591168269488,0.6378490395467623,38.643378,-1,89,0.9887640449438202,0.88,0.9312169312169312
quasi-singular,0.7,4,OpenCV-AP3P-RANSAC,True,True,0.18049591168269488,0.6378490395467623,38.069829,-1,89,0.9887640449438202,0.88,0.9312169312169312
quasi-singular,0.7,4,OpenCV-EPNP-RANSAC,True,True,0.49855721809834197,0.7757800266580314,399.767649,-1,86,0.9883720930232558,0.85,0.9139784946236558
quasi-singular,0.7,4,OpenCV-SQPNP-RANSAC-REFINE,True,True,0.489344039515951,0.27138118596618815,399.056492,-1,88,0.9886363636363636,0.87,0.925531914893617
quasi-singular,0.7,4,LoP4P,True,True,0.32608409639826236,0.941239439643223,1666.915221,901,89,0.9887640449438202,0.88,0.9312169312169312
quasi-singular,0.7,4,RPnP++,True,True,0.2494366798269746,1.0856963096410894,8.188558,15,89,0.9887640449438202,0.88,0.9312169312169312
quasi-singular,0.8,4,OpenCV-P3P-RANSAC,True,True,0.6693509246784047,1.6759683838528099,216.366251,-1,91,0.978021978021978,0.89,0.9319371727748691
quasi-singular,0.8,4,OpenCV-AP3P-RANSAC,True,True,0.6693509246784047,1.6759683838528099,213.660894,-1,91,0.978021978021978,0.89,0.9319371727748691
quasi-singular,0.8,4,OpenCV-EPNP-RANSAC,True,True,0.1199844437067862,1.0238947678925256,432.562282,-1,90,0.9666666666666667,0.87,0.9157894736842105
quasi-singular,0.8,4,OpenCV-SQPNP-RANSAC-REFINE,True,True,0.1105782207541116,1.0566967573310797,432.560022,-1,90,0.9666666666666667,0.87,0.9157894736842105
quasi-singular,0.8,4,LoP4P,True,True,0.1502522468588827,0.7842800979506215,8441.886911,4586,89,0.9662921348314607,0.86,0.9100529100529101
quasi-singular,0.8,4,RPnP++,True,True,0.24786857120832573,1.1049372009075238,33.56213,33,91,0.967032967032967,0.88,0.9214659685863875
quasi-singular,0.9,4,OpenCV-P3P-RANSAC,True,True,1.6814874483913562,0.3740992877719907,310.533322,-1,84,0.9642857142857143,0.81,0.8804347826086957
quasi-singular,0.9,4,OpenCV-AP3P-RANSAC,True,True,1.6814874483913562,0.3740992877719907,305.738765,-1,84,0.9642857142857143,0.81,0.8804347826086957
quasi-singular,0.9,4,OpenCV-EPNP-RANSAC,True,False,21.611752539762985,46.343343246210495,531.962939,-1,15,0.4666666666666667,0.07,0.12173913043478263
quasi-singular,0.9,4,OpenCV-SQPNP-RANSAC-REFINE,True,False,21.47025308268437,47.82842179966128,532.026553,-1,15,0.4666666666666667,0.07,0.12173913043478263
quasi-singular,0.9,4,LoP4P,True,True,0.2667374114430045,1.6647908171871921,9574.075123,5000,90,0.9666666666666667,0.87,0.9157894736842105
quasi-singular,0.9,4,RPnP++,True,True,0.3697555501843373,1.0595623177905313,203.523253,136,88,0.9772727272727273,0.86,0.9148936170212766
quasi-singular,0.95,4,OpenCV-P3P-RANSAC,True,True,2.241930950277711,3.380394382872033,505.141797,-1,71,0.8309859154929577,0.59,0.6900584795321637
quasi-singular,0.95,4,OpenCV-AP3P-RANSAC,True,True,2.241930950277711,3.380394382872033,497.081901,-1,71,0.8309859154929577,0.59,0.6900584795321637
quasi-singular,0.95,4,OpenCV-EPNP-RANSAC,True,False,4.3326226101608105,20.529834235134697,738.844072,-1,34,0.7647058823529411,0.26,0.3880597014925373
quasi-singular,0.95,4,OpenCV-SQPNP-RANSAC-REFINE,True,False,4.527476706666676,20.062813912456892,728.709675,-1,34,0.7647058823529411,0.26,0.3880597014925373
quasi-singular,0.95,4,LoP4P,True,False,8.731036455646764,24.463399508148836,10268.537053,5000,25,0.6,0.15,0.24
quasi-singular,0.95,4,RPnP++,True,True,0.33540323797601834,1.1315989598920997,930.504618,437,101,0.8811881188118812,0.89,0.8855721393034827
quasi-singular,0.05,5,OpenCV-P3P-RANSAC,True,True,0.607900086517797,1.368235060087539,0.736119,-1,82,1.0,0.82,0.9010989010989011
quasi-singular,0.05,5,OpenCV-AP3P-RANSAC,True,True,0.607900086517797,1.368235060087539,0.658522,-1,82,1.0,0.82,0.9010989010989011
quasi-singular,0.05,5,OpenCV-EPNP-RANSAC,True,True,1.3028872067476711,0.47076844323752814,1.531792,-1,86,1.0,0.86,0.924731182795699
quasi-singular,0.05,5,OpenCV-SQPNP-RANSAC-REFINE,True,True,1.2555917712544942,0.47074301516264194,1.79119,-1,86,1.0,0.86,0.924731182795699
quasi-singular,0.05,5,LoP4P,True,True,0.5481741770846976,0.15619180378218284,20.757634,9,84,1.0,0.84,0.9130434782608696
quasi-singular,0.05,5,RPnP++,True,True,0.4950439719377921,0.7547377101494978,0.967313,1,88,1.0,0.88,0.9361702127659575
quasi-singular,0.25,5,OpenCV-P3P-RANSAC,True,True,0.8424343811026493,1.7921018632176846,1.564572,-1,84,1.0,0.84,0.9130434782608696
quasi-singular,0.25,5,OpenCV-AP3P-RANSAC,True,True,0.8424343811026493,1.7921018632176846,1.521145,-1,84,1.0,0.84,0.9130434782608696
quasi-singular,0.25,5,OpenCV-EPNP-RANSAC,True,True,0.45837397431257215,1.1184393025502681,6.006273,-1,82,1.0,0.82,0.9010989010989011
quasi-singular,0.25,5,OpenCV-SQPNP-RANSAC-REFINE,True,True,0.4106804520723582,1.0899724190927,6.186039,-1,82,1.0,0.82,0.9010989010989011
quasi-singular,0.25,5,LoP4P,True,True,0.8785030574268322,1.674341940400403,56.637023,28,83,1.0,0.83,0.9071038251366119
quasi-singular,0.25,5,RPnP++,True,True,0.49509988634065144,0.7546450491109725,1.184359,2,88,1.0,0.88,0.9361702127659575
quasi-singular,0.5,5,OpenCV-P3P-RANSAC,True,True,0.9129681683380584,0.6623092686438049,13.54461,-1,82,1.0,0.82,0.9010989010989011
quasi-singular,0.5,5,OpenCV-AP3P-RANSAC,True,True,0.9129681683380584,0.6623092686438049,13.400977,-1,82,1.0,0.82,0.9010989010989011
quasi-singular,0.5,5,OpenCV-EPNP-RANSAC,True,True,0.5278072801874523,0.504092028948188,31.771705,-1,86,1.0,0.86,0.924731182795699
quasi-singular,0.5,5,OpenCV-SQPNP-RANSAC-REFINE,True,True,0.5866227694877219,0.8879107968318568,31.956992,-1,86,1.0,0.86,0.924731182795699
quasi-singular,0.5,5,LoP4P,True,True,0.6056676318086767,0.321075088879747,221.258126,116,89,1.0,0.89,0.9417989417989417
quasi-singular,0.5,5,RPnP++,True,True,0.49494404323569197,0.7547997434515753,3.436545,5,88,1.0,0.88,0.9361702127659575
quasi-singular,0.7,5,OpenCV-P3P-RANSAC,True,True,0.7807108661924276,0.5078573038602903,90.512539,-1,81,1.0,0.81,0.8950276243093923
quasi-singular,0.7,5,OpenCV-AP3P-RANSAC,True,True,0.7807108661924276,0.5078573038602903,89.806351,-1,81,1.0,0.81,0.8950276243093923
quasi-singular,0.7,5,OpenCV-EPNP-RANSAC,True,True,0.6790751564012542,0.5941678238489954,403.762946,-1,85,1.0,0.85,0.9189189189189189
quasi-singular,0.7,5,OpenCV-SQPNP-RANSAC-REFINE,True,True,0.656372260813421,1.8737743995572018,399.457515,-1,82,1.0,0.82,0.9010989010989011
quasi-singular,0.7,5,LoP4P,True,True,0.5321196894059803,1.3142551012718071,1807.920391,987,87,1.0,0.87,0.9304812834224598
quasi-singular,0.7,5,RPnP++,True,True,0.49503962044365857,0.7548499837392104,6.179859,15,88,1.0,0.88,0.9361702127659575
quasi-singular,0.8,5,OpenCV-P3P-RANSAC,True,True,0.7930967662861073,1.9229188265925439,215.720363,-1,84,0.9880952380952381,0.83,0.9021739130434783
quasi-singular,0.8,5,OpenCV-AP3P-RANSAC,True,True,0.7930967662861073,1.9229188265925439,213.423694,-1,84,0.9880952380952381,0.83,0.9021739130434783
quasi-singular,0.8,5,OpenCV-EPNP-RANSAC,True,True,1.662224598748857,0.8059331357807854,432.257305,-1,76,0.9868421052631579,0.75,0.8522727272727272
quasi-singular,0.8,5,OpenCV-SQPNP-RANSAC-REFINE,True,True,1.5088021008097823,0.09730996514480748,432.392936,-1,77,0.987012987012987,0.76,0.8587570621468925
quasi-singular,0.8,5,LoP4P,True,True,1.4528779102992353,0.7460261783911992,8844.209738,4798,88,0.9886363636363636,0.87,0.925531914893617
quasi-singular,0.8,5,RPnP++,True,True,0.5075588479988676,0.8783561397105758,21.99426,33,91,0.989010989010989,0.9,0.9424083769633509
quasi-singular,0.9,5,OpenCV-P3P-RANSAC,True,True,3.4520595094825888,2.058737311048899,315.386085,-1,73,0.958904109589041,0.7,0.8092485549132947
quasi-singular,0.9,5,OpenCV-AP3P-RANSAC,True,True,3.4520595094825888,2.058737311048899,307.113035,-1,73,0.958904109589041,0.7,0.8092485549132947
quasi-singular,0.9,5,OpenCV-EPNP-RANSAC,True,True,2.3382031253198687,7.932717063036633,530.615891,-1,50,0.98,0.49,0.6533333333333333
quasi-singular,0.9,5,OpenCV-SQPNP-RANSAC-REFINE,True,True,2.545078495106326,8.042377747177962,530.111974,-1,50,0.96,0.48,0.64
quasi-singular,0.9,5,LoP4P,True,True,1.4241086315909404,1.2195580541111761,9564.148308,5000,86,0.9767441860465116,0.84,0.9032258064516129
quasi-singular,0.9,5,RPnP++,True,True,0.43260295614591476,1.0671202224336616,171.786778,125,90,0.9777777777777777,0.88,0.9263157894736842
quasi-singular,0.95,5,OpenCV-P3P-RANSAC,True,True,3.486024479265599,1.9391585672795852,500.221127,-1,50,0.88,0.44,0.5866666666666667
quasi-singular,0.95,5,OpenCV-AP3P-RANSAC,True,True,3.486024479265599,1.9391585672795852,497.102637,-1,50,0.88,0.44,0.5866666666666667
quasi-singular,0.95,5,OpenCV-EPNP-RANSAC,True,False,8.394078925634696,27.935258436720673,731.626413,-1,25,0.64,0.16,0.256
quasi-singular,0.95,5,OpenCV-SQPNP-RANSAC-REFINE,True,False,9.252928010486219,31.169669198946952,727.502986,-1,23,0.6086956521739131,0.14,0.22764227642276424
quasi-singular,0.95,5,LoP4P,True,False,14.917970437529286,8.691012867048165,10146.496971,5000,21,0.6666666666666666,0.14,0.23140495867768596
quasi-singular,0.95,5,RPnP++,True,True,0.40358049222941234,0.681446500174145,916.579478,472,94,0.9574468085106383,0.9,0.9278350515463918
quasi-singular,0.05,6,OpenCV-P3P-RANSAC,True,True,0.7410701146169305,1.0002266090111698,1.165439,-1,87,1.0,0.87,0.9304812834224598
quasi-singular,0.05,6,OpenCV-AP3P-RANSAC,True,True,0.7410701146169305,1.0002266090111698,1.054396,-1,87,1.0,0.87,0.9304812834224598
quasi-singular,0.05,6,OpenCV-EPNP-RANSAC,True,True,0.836250128581433,1.9988094009255133,1.541021,-1,85,1.0,0.85,0.9189189189189189
quasi-singular,0.05,6,OpenCV-SQPNP-RANSAC-REFINE,True,True,0.5781769898065714,0.9315874355212819,1.739492,-1,86,1.0,0.86,0.924731182795699
quasi-singular,0.05,6,LoP4P,True,True,0.5692580467539379,0.19230752551442676,18.52525,7,88,1.0,0.88,0.9361702127659575
quasi-singular,0.05,6,RPnP++,True,True,0.5397399604897223,0.6859983767765747,0.94379,2,88,1.0,0.88,0.9361702127659575
quasi-singular,0.25,6,OpenCV-P3P-RANSAC,True,True,0.5055855608184069,1.6955201365579085,1.695582,-1,85,1.0,0.85,0.9189189189189189
quasi-singular,0.25,6,OpenCV-AP3P-RANSAC,True,True,0.5055855608184069,1.6955201365579085,1.658339,-1,85,1.0,0.85,0.9189189189189189
quasi-singular,0.25,6,OpenCV-EPNP-RANSAC,True,True,0.7069768197736566,2.190118342586565,4.273781,-1,87,1.0,0.87,0.9304812834224598
quasi-singular,0.25,6,OpenCV-SQPNP-RANSAC-REFINE,True,True,0.46564255110903685,1.4095744439352305,4.49189,-1,87,1.0,0.87,0.9304812834224598
quasi-singular,0.25,6,LoP4P,True,True,0.7976208816520365,1.0582534480675052,45.27724,22,88,1.0,0.88,0.9361702127659575
quasi-singular,0.25,6,RPnP++,True,True,0.5391913493905177,0.685638453435435,1.305395,2,88,1.0,0.88,0.9361702127659575
quasi-singular,0.5,6,OpenCV-P3P-RANSAC,True,True,0.5317802122958513,0.8035423706789151,7.390153,-1,85,1.0,0.85,0.9189189189189189
quasi-singular,0.5,6,OpenCV-AP3P-RANSAC,True,True,0.5317802122958513,0.8035423706789151,7.559534,-1,85,1.0,0.85,0.9189189189189189
quasi-singular,0.5,6,OpenCV-EPNP-RANSAC,True,True,1.1451709330217348,1.6886601595183224,33.511498,-1,87,1.0,0.87,0.9304812834224598
quasi-singular,0.5,6,OpenCV-SQPNP-RANSAC-REFINE,True,True,0.9117293962817921,0.7970982511790076,33.792921,-1,87,1.0,0.87,0.9304812834224598
quasi-singular,0.5,6,LoP4P,True,True,0.3234501669227395,0.20380879990496964,226.99854,116,89,1.0,0.89,0.9417989417989417
quasi-singular,0.5,6,RPnP++,True,True,0.5402398027203065,0.6860749986201944,2.128692,6,88,1.0,0.88,0.9361702127659575
quasi-singular,0.7,6,OpenCV-P3P-RANSAC,True,True,0.5182829391945991,1.30940026168386,47.143006,-1,87,0.9885057471264368,0.86,0.9197860962566845
quasi-singular,0.7,6,OpenCV-AP3P-RANSAC,True,True,0.5182829391945991,1.30940026168386,47.732355,-1,87,0.9885057471264368,0.86,0.9197860962566845
quasi-singular,0.7,6,OpenCV-EPNP-RANSAC,True,True,0.7451492418251457,2.086000294203517,338.460494,-1,88,0.9886363636363636,0.87,0.925531914893617
quasi-singular,0.7,6,OpenCV-SQPNP-RANSAC-REFINE,True,True,0.613169730365345,1.5288065648940516,338.927503,-1,87,0.9885057471264368,0.86,0.9197860962566845
quasi-singular,0.7,6,LoP4P,True,True,0.24461086842928634,0.7135071975558687,1721.417872,942,88,0.9886363636363636,0.87,0.925531914893617
quasi-singular,0.7,6,RPnP++,True,True,0.5292030177586919,0.7028369979782266,10.671725,16,89,0.9887640449438202,0.88,0.9312169312169312
quasi-singular,0.8,6,OpenCV-P3P-RANSAC,True,True,0.5073738049367561,1.0439250260235218,211.878013,-1,89,0.9775280898876404,0.87,0.9206349206349206
quasi-singular,0.8,6,OpenCV-AP3P-RANSAC,True,True,0.5073738049367561,1.0439250260235218,211.657806,-1,89,0.9775280898876404,0.87,0.9206349206349206
quasi-singular,0.8,6,OpenCV-EPNP-RANSAC,True,True,0.740214847805205,2.5251760698517636,432.442994,-1,89,0.9775280898876404,0.87,0.9206349206349206
quasi-singular,0.8,6,OpenCV-SQPNP-RANSAC-REFINE,True,True,0.5136888022057153,1.7180463917576567,436.935836,-1,90,0.9777777777777777,0.88,0.9263157894736842
quasi-singular,0.8,6,LoP4P,True,True,0.9895913034850623,0.8530698202464095,9150.304833,5000,86,0.9883720930232558,0.85,0.9139784946236558
quasi-singular,0.8,6,RPnP++,True,True,0.5017449135608166,0.8554001160096155,26.818779,35,90,0.9777777777777777,0.88,0.9263157894736842
quasi-singular,0.9,6,OpenCV-P3P-RANSAC,True,True,0.9187883440652796,1.2938828218202347,305.881392,-1,79,0.9873417721518988,0.78,0.8715083798882681
quasi-singular,0.9,6,OpenCV-AP3P-RANSAC,True,True,0.9187883440652796,1.2938828218202347,306.390477,-1,79,0.9873417721518988,0.78,0.8715083798882681
quasi-singular,0.9,6,OpenCV-EPNP-RANSAC,True,False,9.058511550394979,12.32613615196392,536.295725,-1,31,0.9032258064516129,0.28,0.42748091603053445
quasi-singular,0.9,6,OpenCV-SQPNP-RANSAC-REFINE,True,False,9.412244232201944,13.035745207876866,541.147913,-1,31,0.9032258064516129,0.28,0.42748091603053445
quasi-singular,0.9,6,LoP4P,True,True,1.1402085301497953,0.1298615749548388,9492.352942,5000,87,0.9885057471264368,0.86,0.9197860962566845
quasi-singular,0.9,6,RPnP++,True,True,0.566193775837426,0.10234003854619003,177.150226,139,88,1.0,0.88,0.9361702127659575
quasi-singular,0.95,6,OpenCV-P3P-RANSAC,True,True,3.1683666612241685,3.6949596740118764,498.869111,-1,62,0.9193548387096774,0.57,0.7037037037037036
quasi-singular,0.95,6,OpenCV-AP3P-RANSAC,True,True,3.1683666612241685,3.6949596740118764,496.746543,-1,62,0.9193548387096774,0.57,0.7037037037037036
quasi-singular,0.95,6,OpenCV-EPNP-RANSAC,True,False,8.92998174456138,3.1864941594215415,740.061899,-1,34,0.7941176470588235,0.27,0.4029850746268657
quasi-singular,0.95,6,OpenCV-SQPNP-RANSAC-REFINE,True,False,8.655614674981038,3.086679627602268,730.2611,-1,33,0.7878787878787878,0.26,0.39097744360902253
quasi-singular,0.95,6,LoP4P,True,True,0.6507561818849144,0.8960770317992506,10106.574174,5000,84,0.8809523809523809,0.74,0.8043478260869565
quasi-singular,0.95,6,RPnP++,True,True,0.6971965867082948,0.3349257898121771,970.547638,519,96,0.9166666666666666,0.88,0.8979591836734694
quasi-singular,0.05,7,OpenCV-P3P-RANSAC,True,True,0.9015040429035575,1.5041477073400729,0.841193,-1,83,1.0,0.83,0.9071038251366119
quasi-singular,0.05,7,OpenCV-AP3P-RANSAC,True,True,0.9015040429035575,1.5041477073400729,0.753186,-1,83,1.0,0.83,0.9071038251366119
quasi-singular,0.05,7,OpenCV-EPNP-RANSAC,True,True,1.0006443289357154,2.02068622825846,1.594742,-1,82,1.0,0.82,0.9010989010989011
quasi-singular,0.05,7,OpenCV-SQPNP-RANSAC-REFINE,True,True,1.0233135613232138,2.3270688873558734,1.80505,-1,81,1.0,0.81,0.8950276243093923
quasi-singular,0.05,7,LoP4P,True,True,0.41076601462766665,0.4188199451467277,18.918609,8,86,1.0,0.86,0.924731182795699
quasi-singular,0.05,7,RPnP++,True,True,0.3528914547061693,0.5175932006026793,0.935263,1,85,1.0,0.85,0.9189189189189189
quasi-singular,0.25,7,OpenCV-P3P-RANSAC,True,True,1.6527316721766532,1.1483600477045617,1.695023,-1,81,1.0,0.81,0.8950276243093923
quasi-singular,0.25,7,OpenCV-AP3P-RANSAC,True,True,1.6527316721766532,1.1483600477045617,1.777365,-1,81,1.0,0.81,0.8950276243093923
quasi-singular,0.25,7,OpenCV-EPNP-RANSAC,True,True,0.880735650238717,1.6753956290729368,5.347476,-1,84,1.0,0.84,0.9130434782608696
quasi-singular,0.25,7,OpenCV-SQPNP-RANSAC-REFINE,True,True,0.9108075376441921,1.8982447579088557,5.557437,-1,84,1.0,0.84,0.9130434782608696
quasi-singular,0.25,7,LoP4P,True,True,0.39643503277568903,0.5013567904121295,42.925156,22,88,1.0,0.88,0.9361702127659575
quasi-singular,0.25,7,RPnP++,True,True,0.3204140828000105,0.20834429497437315,1.065801,2,86,1.0,0.86,0.924731182795699
quasi-singular,0.5,7,OpenCV-P3P-RANSAC,True,True,1.0044724334423532,2.179629874254653,10.825766,-1,85,0.9882352941176471,0.84,0.9081081081081082
quasi-singular,0.5,7,OpenCV-AP3P-RANSAC,True,True,1.0044724334423532,2.179629874254653,10.817842,-1,85,0.9882352941176471,0.84,0.9081081081081082
quasi-singular,0.5,7,OpenCV-EPNP-RANSAC,True,True,1.1926939664694036,0.2641647505552416,35.796833,-1,87,0.9885057471264368,0.86,0.9197860962566845
quasi-singular,0.5,7,OpenCV-SQPNP-RANSAC-REFINE,True,True,1.1159933271760307,1.49346817299096,36.219669,-1,85,0.9882352941176471,0.84,0.9081081081081082
quasi-singular,0.5,7,LoP4P,True,True,0.4856897737538507,1.3150709386512245,227.143439,121,88,0.9886363636363636,0.87,0.925531914893617
quasi-singular,0.5,7,RPnP++,True,True,0.22855824116551904,0.2760121788790734,2.711422,6,87,0.9885057471264368,0.86,0.9197860962566845
quasi-singular,0.7,7,OpenCV-P3P-RANSAC,True,True,0.5799193398240421,1.2647616692661794,67.377521,-1,87,1.0,0.87,0.9304812834224598
quasi-singular,0.7,7,OpenCV-AP3P-RANSAC,True,True,0.5799193398240421,1.2647616692661794,67.029532,-1,87,1.0,0.87,0.9304812834224598
quasi-singular,0.7,7,OpenCV-EPNP-RANSAC,True,True,0.5373246610444797,0.2735975653895472,400.817063,-1,85,1.0,0.85,0.9189189189189189
quasi-singular,0.7,7,OpenCV-SQPNP-RANSAC-REFINE,True,True,0.49195616490756383,0.1988213038071776,397.935269,-1,86,1.0,0.86,0.924731182795699
quasi-singular,0.7,7,LoP4P,True,True,0.4916716385119578,0.4029249969132501,1803.849572,987,87,1.0,0.87,0.9304812834224598
quasi-singular,0.7,7,RPnP++,True,True,0.17864470494067458,0.4462915040092199,8.427785,16,87,1.0,0.87,0.9304812834224598
quasi-singular,0.8,7,OpenCV-P3P-RANSAC,True,True,0.4697305789421321,1.0700795060979618,214.028961,-1,87,0.9885057471264368,0.86,0.9197860962566845
quasi-singular,0.8,7,OpenCV-AP3P-RANSAC,True,True,0.4697305789421321,1.0700795060979618,214.30413,-1,87,0.9885057471264368,0.86,0.9197860962566845
quasi-singular,0.8,7,OpenCV-EPNP-RANSAC,True,True,0.6625666206507227,2.2388323407301813,435.561368,-1,84,0.9642857142857143,0.81,0.8804347826086957
quasi-singular,0.8,7,OpenCV-SQPNP-RANSAC-REFINE,True,True,0.6982667268217644,2.1924140790478117,436.151575,-1,84,0.9642857142857143,0.81,0.8804347826086957
quasi-singular,0.8,7,LoP4P,True,True,0.5924246467669314,0.4415999796223315,9194.782486,5000,87,0.9770114942528736,0.85,0.9090909090909092
quasi-singular,0.8,7,RPnP++,True,True,0.21139281338319674,0.3004663672418554,21.558213,35,88,0.9772727272727273,0.86,0.9148936170212766
quasi-singular,0.9,7,OpenCV-P3P-RANSAC,True,False,10.495739131695153,9.872323563772506,308.027532,-1,29,0.7931034482758621,0.23,0.35658914728682173
quasi-singular,0.9,7,OpenCV-AP3P-RANSAC,True,False,10.495739131695153,9.872323563772506,306.617866,-1,29,0.7931034482758621,0.23,0.35658914728682173
quasi-singular,0.9,7,OpenCV-EPNP-RANSAC,True,False,4.720421271162689,11.037766116833367,529.631515,-1,22,0.8636363636363636,0.19,0.31147540983606553
quasi-singular,0.9,7,OpenCV-SQPNP-RANSAC-REFINE,True,True,4.3388845520466415,9.297056200846322,530.227071,-1,28,0.8928571428571429,0.25,0.39062500000000006
quasi-singular,0.9,7,LoP4P,True,False,5.137555798785176,7.345907841293823,9484.771255,5000,38,0.9210526315789473,0.35,0.5072463768115941
quasi-singular,0.9,7,RPnP++,True,True,0.5079650016191017,0.196924745705232,163.412367,140,86,0.9651162790697675,0.83,0.8924731182795699
quasi-singular,0.95,7,OpenCV-P3P-RANSAC,True,True,4.418243006760465,1.6705382920416436,502.122087,-1,37,0.8918918918918919,0.33,0.4817518248175182
quasi-singular,0.95,7,OpenCV-AP3P-RANSAC,True,True,4.418243006760465,1.6705382920416436,496.864989,-1,37,0.8918918918918919,0.33,0.4817518248175182
quasi-singular,0.95,7,OpenCV-EPNP-RANSAC,True,False,145.32921978871173,16.72047987532451,729.972533,-1,17,0.058823529411764705,0.01,0.017094017094017096
quasi-singular,0.95,7,OpenCV-SQPNP-RANSAC-REFINE,True,False,145.2945188084147,16.4446765424141,743.328809,-1,17,0.058823529411764705,0.01,0.017094017094017096
quasi-singular,0.95,7,LoP4P,True,False,12.212083867394,5.699204359665131,10167.032437,5000,26,0.6538461538461539,0.17,0.2698412698412698
quasi-singular,0.95,7,RPnP++,True,True,0.25873047909289776,0.1404226428501841,945.569613,545,88,0.9659090909090909,0.85,0.9042553191489362
quasi-singular,0.05,8,OpenCV-P3P-RANSAC,True,True,1.1511917541184786,0.17766058026387976,0.905479,-1,85,1.0,0.85,0.9189189189189189
quasi-singular,0.05,8,OpenCV-AP3P-RANSAC,True,True,1.1511917541184786,0.17766058026387976,0.819801,-1,85,1.0,0.85,0.9189189189189189
quasi-singular,0.05,8,OpenCV-EPNP-RANSAC,True,True,0.15831072423615197,0.6397142927689502,1.567271,-1,86,1.0,0.86,0.924731182795699
quasi-singular,0.05,8,OpenCV-SQPNP-RANSAC-REFINE,True,True,0.2231053890622936,0.04258466770062011,1.778503,-1,86,1.0,0.86,0.924731182795699
quasi-singular,0.05,8,LoP4P,True,True,0.23473555419885497,1.5699762313050862,17.771304,7,88,1.0,0.88,0.9361702127659575
quasi-singular,0.05,8,RPnP++,True,True,0.5153892223571277,1.7705442324679082,0.844752,3,86,1.0,0.86,0.924731182795699
quasi-singular,0.25,8,OpenCV-P3P-RANSAC,True,True,0.35359006417792493,0.24174008592976787,1.694324,-1,87,1.0,0.87,0.9304812834224598
quasi-singular,0.25,8,OpenCV-AP3P-RANSAC,True,True,0.35359006417792493,0.24174008592976787,1.661028,-1,87,1.0,0.87,0.9304812834224598
quasi-singular,0.25,8,OpenCV-EPNP-RANSAC,True,True,0.5722397125526194,0.7020721029152945,4.330452,-1,84,1.0,0.84,0.9130434782608696
quasi-singular,0.25,8,OpenCV-SQPNP-RANSAC-REFINE,True,True,0.47110627634066504,0.10565064558576417,4.521204,-1,85,1.0,0.85,0.9189189189189189
quasi-singular,0.25,8,LoP4P,True,True,0.24085920414146242,1.324638583556598,44.761724,22,88,1.0,0.88,0.9361702127659575
quasi-singular,0.25,8,RPnP++,True,True,0.5152832770885162,1.7705016411987418,1.501332,2,86,1.0,0.86,0.924731182795699
quasi-singular,0.5,8,OpenCV-P3P-RANSAC,True,True,0.7641469259237171,0.38376107358018186,6.159079,-1,86,1.0,0.86,0.924731182795699
quasi-singular,0.5,8,OpenCV-AP3P-RANSAC,True,True,0.7641469259237171,0.38376107358018186,6.195053,-1,86,1.0,0.86,0.924731182795699
quasi-singular,0.5,8,OpenCV-EPNP-RANSAC,True,True,0.37763531347668905,1.1624128225498365,25.363744,-1,88,1.0,0.88,0.9361702127659575
quasi-singular,0.5,8,OpenCV-SQPNP-RANSAC-REFINE,True,True,0.3688247564080382,0.45378240820314764,25.573638,-1,87,1.0,0.87,0.9304812834224598
quasi-singular,0.5,8,LoP4P,True,True,0.9245518278798933,1.9508009801401605,207.25122,110,90,1.0,0.9,0.9473684210526316
quasi-singular,0.5,8,RPnP++,True,True,0.5153140028409556,1.7704239266618071,3.088206,6,86,1.0,0.86,0.924731182795699
quasi-singular,0.7,8,OpenCV-P3P-RANSAC,True,True,0.35357121300973865,0.42944890925997875,82.551334,-1,89,0.9662921348314607,0.86,0.9100529100529101
quasi-singular,0.7,8,OpenCV-AP3P-RANSAC,True,True,0.35357121300973865,0.42944890925997875,81.88094,-1,89,0.9662921348314607,0.86,0.9100529100529101
quasi-singular,0.7,8,OpenCV-EPNP-RANSAC,True,True,0.49104044479019954,1.870523115421756,284.844443,-1,88,0.9772727272727273,0.86,0.9148936170212766
quasi-singular,0.7,8,OpenCV-SQPNP-RANSAC-REFINE,True,True,0.4072229828687874,0.9427353707864201,285.214359,-1,88,0.9772727272727273,0.86,0.9148936170212766
quasi-singular,0.7,8,LoP4P,True,True,0.3739805427838336,1.4808074373222027,1685.962088,942,88,0.9772727272727273,0.86,0.9148936170212766
quasi-singular,0.7,8,RPnP++,True,True,0.23146504345516591,0.9903396216762607,6.973106,15,89,0.9775280898876404,0.87,0.9206349206349206
quasi-singular,0.8,8,OpenCV-P3P-RANSAC,True,True,0.48718460225992466,2.626390832387044,214.087918,-1,88,0.9772727272727273,0.86,0.9148936170212766
quasi-singular,0.8,8,OpenCV-AP3P-RANSAC,True,True,0.48718460225992466,2.626390832387044,211.734342,-1,88,0.9772727272727273,0.86,0.9148936170212766
quasi-singular,0.8,8,OpenCV-EPNP-RANSAC,True,True,0.7486999917347068,1.8918567380786546,432.620247,-1,85,0.9764705882352941,0.83,0.8972972972972972
quasi-singular,0.8,8,OpenCV-SQPNP-RANSAC-REFINE,True,True,0.6854567880785396,1.0664831837271702,431.3773,-1,87,0.9770114942528736,0.85,0.9090909090909092
quasi-singular,0.8,8,LoP4P,True,True,1.0325818349805345,0.9936330025965664,8429.96319,4586,89,0.9775280898876404,0.87,0.9206349206349206
quasi-singular,0.8,8,RPnP++,True,True,0.5719249553485888,1.8256033489933154,24.284624,35,89,0.9775280898876404,0.87,0.9206349206349206
quasi-singular,0.9,8,OpenCV-P3P-RANSAC,True,True,1.6302995806705816,5.65251677461799,309.506281,-1,76,0.9473684210526315,0.72,0.8181818181818181
quasi-singular,0.9,8,OpenCV-AP3P-RANSAC,True,True,1.6302995806705816,5.65251677461799,306.274275,-1,76,0.9473684210526315,0.72,0.8181818181818181
quasi-singular,0.9,8,OpenCV-EPNP-RANSAC,True,False,38.65487085000995,5.31609172664538,529.468281,-1,12,0.4166666666666667,0.05,0.08928571428571429
quasi-singular,0.9,8,OpenCV-SQPNP-RANSAC-REFINE,True,False,38.87440328477604,5.35850115199596,537.933165,-1,11,0.45454545454545453,0.05,0.0900900900900901
quasi-singular,0.9,8,LoP4P,True,True,2.3771977381769527,5.323494345718714,9531.086539,5000,69,0.9855072463768116,0.68,0.804733727810651
quasi-singular,0.9,8,RPnP++,True,True,0.5304770488599038,1.9791475683463968,214.826973,149,87,0.9885057471264368,0.86,0.9197860962566845
quasi-singular,0.95,8,OpenCV-P3P-RANSAC,True,False,7.790573099514831,13.187783800439773,517.778398,-1,30,0.7333333333333333,0.22,0.3384615384615385
quasi-singular,0.95,8,OpenCV-AP3P-RANSAC,True,False,7.790573099514831,13.187783800439773,497.072829,-1,30,0.7333333333333333,0.22,0.3384615384615385
quasi-singular,0.95,8,OpenCV-EPNP-RANSAC,True,False,158.06781119454516,47.91865837858722,726.290791,-1,17,0.058823529411764705,0.01,0.017094017094017096
quasi-singular,0.95,8,OpenCV-SQPNP-RANSAC-REFINE,True,False,157.758897513493,52.97820354700301,737.076682,-1,18,0.1111111111111111,0.02,0.03389830508474577
quasi-singular,0.95,8,LoP4P,True,False,18.098041911972743,13.974522517376162,10192.148217,5000,25,0.68,0.17,0.272
quasi-singular,0.95,8,RPnP++,True,True,0.4802399859300154,2.1720848917293814,1030.775239,522,93,0.9354838709677419,0.87,0.9015544041450777
quasi-singular,0.05,9,OpenCV-P3P-RANSAC,True,True,0.4906345658786835,0.505931972885845,0.792142,-1,81,1.0,0.81,0.8950276243093923
quasi-singular,0.05,9,OpenCV-AP3P-RANSAC,True,True,0.4906345658786835,0.505931972885845,0.700124,-1,81,1.0,0.81,0.8950276243093923
quasi-singular,0.05,9,OpenCV-EPNP-RANSAC,True,True,0.6179296878244942,0.6466924883180254,1.546852,-1,83,1.0,0.83,0.9071038251366119
quasi-singular,0.05,9,OpenCV-SQPNP-RANSAC-REFINE,True,True,0.6005444446123612,1.3180879565065746,1.661073,-1,84,1.0,0.84,0.9130434782608696
quasi-singular,0.05,9,LoP4P,True,True,0.5176661704044472,0.19443545004504972,28.420975,10,83,1.0,0.83,0.9071038251366119
quasi-singular,0.05,9,RPnP++,True,True,0.29093708937924256,0.4150754889252949,0.837698,1,87,1.0,0.87,0.9304812834224598
quasi-singular,0.25,9,OpenCV-P3P-RANSAC,True,True,0.5909102267569822,0.43509559964045785,1.615128,-1,79,1.0,0.79,0.8826815642458101
quasi-singular,0.25,9,OpenCV-AP3P-RANSAC,True,True,0.5909102267569822,0.43509559964045785,1.594845,-1,79,1.0,0.79,0.8826815642458101
quasi-singular,0.25,9,OpenCV-EPNP-RANSAC,True,True,0.32873338253565515,1.3348684340558201,4.273667,-1,86,1.0,0.86,0.924731182795699
quasi-singular,0.25,9,OpenCV-SQPNP-RANSAC-REFINE,True,True,0.4121460687856368,1.9021464470256457,4.552544,-1,84,1.0,0.84,0.9130434782608696
quasi-singular,0.25,9,LoP4P,True,True,0.5522223680919736,0.1364677968476094,60.50697,30,82,1.0,0.82,0.9010989010989011
quasi-singular,0.25,9,RPnP++,True,True,0.2912862234327484,0.4144411870943212,2.065007,5,87,1.0,0.87,0.9304812834224598
quasi-singular,0.5,9,OpenCV-P3P-RANSAC,True,True,0.892892549163562,0.7535100526875609,8.982945,-1,80,1.0,0.8,0.888888888888889
quasi-singular,0.5,9,OpenCV-AP3P-RANSAC,True,True,0.892892549163562,0.7535100526875609,8.795875,-1,80,1.0,0.8,0.888888888888889
quasi-singular,0.5,9,OpenCV-EPNP-RANSAC,True,True,0.28014737372691645,0.8837226925677004,37.974533,-1,85,1.0,0.85,0.9189189189189189
quasi-singular,0.5,9,OpenCV-SQPNP-RANSAC-REFINE,True,True,0.09537621553953185,1.290508524157143,38.236999,-1,84,1.0,0.84,0.9130434782608696
quasi-singular,0.5,9,LoP4P,True,True,0.41146708034605456,0.20526104141535972,331.903927,178,80,1.0,0.8,0.888888888888889
quasi-singular,0.5,9,RPnP++,True,True,0.2909667333702357,0.4150416481228066,4.866231,11,87,1.0,0.87,0.9304812834224598
quasi-singular,0.7,9,OpenCV-P3P-RANSAC,True,True,0.2093578426089268,0.7877051140002438,51.834708,-1,83,0.9879518072289156,0.82,0.8961748633879781
quasi-singular,0.7,9,OpenCV-AP3P-RANSAC,True,True,0.2093578426089268,0.7877051140002438,50.317913,-1,83,0.9879518072289156,0.82,0.8961748633879781
quasi-singular,0.7,9,OpenCV-EPNP-RANSAC,True,True,0.5412155736651728,0.8690803735734413,404.035234,-1,85,0.9882352941176471,0.84,0.9081081081081082
quasi-singular,0.7,9,OpenCV-SQPNP-RANSAC-REFINE,True,True,0.7029012269512539,1.0931375182084548,404.904154,-1,84,0.9880952380952381,0.83,0.9021739130434783
quasi-singular,0.7,9,LoP4P,True,True,0.4472412531384986,0.2227525961428246,1903.270688,1033,86,0.9883720930232558,0.85,0.9139784946236558
quasi-singular,0.7,9,RPnP++,True,True,0.30919972562338405,0.4214084452648593,20.235292,22,88,0.9886363636363636,0.87,0.925531914893617
quasi-singular,0.8,9,OpenCV-P3P-RANSAC,True,True,0.6993386923896937,0.9007085630687669,217.094016,-1,83,0.9759036144578314,0.81,0.8852459016393442
quasi-singular,0.8,9,OpenCV-AP3P-RANSAC,True,True,0.6993386923896937,0.9007085630687669,212.265593,-1,83,0.9759036144578314,0.81,0.8852459016393442
quasi-singular,0.8,9,OpenCV-EPNP-RANSAC,True,True,0.5912664259801411,1.5151721085329295,431.67297,-1,84,0.9761904761904762,0.82,0.8913043478260869
quasi-singular,0.8,9,OpenCV-SQPNP-RANSAC-REFINE,True,True,0.43846536556635635,3.025820931696815,435.578312,-1,82,0.975609756097561,0.8,0.8791208791208791
quasi-singular,0.8,9,LoP4P,True,True,0.6924530742601435,0.25641146208150156,9332.659552,5000,84,0.9761904761904762,0.82,0.8913043478260869
quasi-singular,0.8,9,RPnP++,True,True,0.2991488198522301,0.3338188325367918,35.139996,37,87,0.9770114942528736,0.85,0.9090909090909092
quasi-singular,0.9,9,OpenCV-P3P-RANSAC,True,True,0.7526673415609393,0.9145780835229957,315.569706,-1,86,0.9534883720930233,0.82,0.8817204301075269
quasi-singular,0.9,9,OpenCV-AP3P-RANSAC,True,True,0.7526673415609393,0.9145780835229957,311.699262,-1,86,0.9534883720930233,0.82,0.8817204301075269
quasi-singular,0.9,9,OpenCV-EPNP-RANSAC,True,False,7.583392305715566,18.0325837464298,530.158241,-1,20,0.7,0.14,0.23333333333333336
quasi-singular,0.9,9,OpenCV-SQPNP-RANSAC-REFINE,True,False,7.964522729825826,20.41789388421833,530.555611,-1,22,0.7272727272727273,0.16,0.2622950819672131
quasi-singular,0.9,9,LoP4P,True,True,4.895144865597088,0.5469226561891222,9597.101442,5000,69,0.9855072463768116,0.68,0.804733727810651
quasi-singular,0.9,9,RPnP++,True,True,0.514609798984774,0.363293893053409,241.137235,142,90,0.9555555555555556,0.86,0.9052631578947369
quasi-singular,0.95,9,OpenCV-P3P-RANSAC,True,True,1.3114081283964047,3.045452781114654,508.551794,-1,69,0.927536231884058,0.64,0.757396449704142
quasi-singular,0.95,9,OpenCV-AP3P-RANSAC,True,True,1.3114081283964047,3.045452781114654,498.248399,-1,69,0.927536231884058,0.64,0.757396449704142
quasi-singular,0.95,9,OpenCV-EPNP-RANSAC,True,False,4.321661644961781,17.198437960856143,724.320373,-1,41,0.6585365853658537,0.27,0.3829787234042553
quasi-singular,0.95,9,OpenCV-SQPNP-RANSAC-REFINE,True,False,4.442047854930644,18.31372906626761,725.895978,-1,36,0.6388888888888888,0.23,0.3382352941176471
quasi-singular,0.95,9,LoP4P,True,False,63.12029245755373,438.7221560625837,10245.58414,5000,23,0.08695652173913043,0.02,0.032520325203252036
quasi-singular,0.95,9,RPnP++,True,True,0.6007504652822236,0.41753911969488033,1367.812449,520,91,0.9230769230769231,0.84,0.8795811518324608
planar,0.05,0,OpenCV-P3P-RANSAC,True,True,1.7037853031243255,0.31753611604381154,0.652576,-1,84,1.0,0.84,0.9130434782608696
planar,0.05,0,OpenCV-AP3P-RANSAC,True,True,1.7037853031243255,0.31753611604381154,0.664942,-1,84,1.0,0.84,0.9130434782608696
planar,0.05,0,OpenCV-EPNP-RANSAC,True,True,0.6827823230891693,0.08867683583233894,4.391522,-1,87,1.0,0.87,0.9304812834224598
planar,0.05,0,OpenCV-SQPNP-RANSAC-REFINE,True,True,0.8436965837630481,0.45380740207390374,4.656642,-1,83,1.0,0.83,0.9071038251366119
planar,0.05,0,LoP4P,True,True,0.5066836778611623,0.6413087458043607,18.89944,8,87,1.0,0.87,0.9304812834224598
planar,0.05,0,RPnP++,True,True,0.9612812405459026,0.3407366218628183,0.853842,1,89,1.0,0.89,0.9417989417989417
planar,0.25,0,OpenCV-P3P-RANSAC,True,True,1.5179257695764523,0.6957426297082018,1.86563,-1,83,1.0,0.83,0.9071038251366119
planar,0.25,0,OpenCV-AP3P-RANSAC,True,True,1.5179257695764523,0.6957426297082018,1.843561,-1,83,1.0,0.83,0.9071038251366119
planar,0.25,0,OpenCV-EPNP-RANSAC,True,True,1.858787355941966,0.701562398616641,13.639391,-1,79,1.0,0.79,0.8826815642458101
planar,0.25,0,OpenCV-SQPNP-RANSAC-REFINE,True,True,0.5167466618251875,1.434622549503076,14.005892,-1,85,1.0,0.85,0.9189189189189189
planar,0.25,0,LoP4P,True,True,1.497974319601461,0.39731529448255865,49.568531,26,85,1.0,0.85,0.9189189189189189
planar,0.25,0,RPnP++,True,True,0.9612824499871351,0.34073641957930956,2.46755,2,89,1.0,0.89,0.9417989417989417
planar,0.5,0,OpenCV-P3P-RANSAC,True,True,1.4038913392225143,1.3996884659404019,13.000782,-1,86,1.0,0.86,0.924731182795699
planar,0.5,0,OpenCV-AP3P-RANSAC,True,True,1.4038913392225143,1.3996884659404019,12.817577,-1,86,1.0,0.86,0.924731182795699
planar,0.5,0,OpenCV-EPNP-RANSAC,True,True,1.931810797133984,1.4254702980977978,221.897884,-1,76,1.0,0.76,0.8636363636363636
planar,0.5,0,OpenCV-SQPNP-RANSAC-REFINE,True,True,1.2223220243858384,1.5552009821805146,222.294101,-1,81,1.0,0.81,0.8950276243093923
planar,0.5,0,LoP4P,True,True,1.8092883768441637,0.4059492304184432,177.567279,110,90,1.0,0.9,0.9473684210526316
planar,0.5,0,RPnP++,True,True,0.9613644183259984,0.34073052675066623,2.485549,6,89,1.0,0.89,0.9417989417989417
planar,0.7,0,OpenCV-P3P-RANSAC,True,True,2.7139198621174603,0.551268616827688,67.76803,-1,80,1.0,0.8,0.888888888888889
planar,0.7,0,OpenCV-AP3P-RANSAC,True,True,2.7139198621174603,0.551268616827688,66.291257,-1,80,1.0,0.8,0.888888888888889
planar,0.7,0,OpenCV-EPNP-RANSAC,True,True,3.1220212265191534,0.7274311549330955,345.54756,-1,75,1.0,0.75,0.8571428571428571
planar,0.7,0,OpenCV-SQPNP-RANSAC-REFINE,True,True,1.818927878742478,0.9576455454926293,342.993835,-1,79,1.0,0.79,0.8826815642458101
planar,0.7,0,LoP4P,True,True,1.16238304396968,0.629328948133457,1484.337095,942,88,1.0,0.88,0.9361702127659575
planar,0.7,0,RPnP++,True,True,1.0406018426409562,0.4032522120247801,8.809552,16,91,1.0,0.91,0.9528795811518325
planar,0.8,0,OpenCV-P3P-RANSAC,True,True,1.593970834464318,0.4185219528237869,210.411698,-1,86,0.9883720930232558,0.85,0.9139784946236558
planar,0.8,0,OpenCV-AP3P-RANSAC,True,True,1.593970834464318,0.4185219528237869,207.48787,-1,86,0.9883720930232558,0.85,0.9139784946236558
planar,0.8,0,OpenCV-EPNP-RANSAC,True,False,10.2676818364444,6.69049229506031,375.595091,-1,45,0.9777777777777777,0.44,0.6068965517241379
planar,0.8,0,OpenCV-SQPNP-RANSAC-REFINE,True,False,11.827068701920306,1.8702850590605156,375.412933,-1,38,0.9736842105263158,0.37,0.536231884057971
planar,0.8,0,LoP4P,True,True,0.763923821078586,0.9808546185370455,6903.92587,4385,90,0.9888888888888889,0.89,0.9368421052631579
planar,0.8,0,RPnP++,True,True,1.0469039713870403,0.4421107077640132,28.213167,35,92,0.9891304347826086,0.91,0.9479166666666667
planar,0.9,0,OpenCV-P3P-RANSAC,True,True,3.756149433727192,4.40644470676371,302.575703,-1,78,0.9358974358974359,0.73,0.8202247191011236
planar,0.9,0,OpenCV-AP3P-RANSAC,True,True,3.756149433727192,4.40644470676371,300.162586,-1,78,0.9358974358974359,0.73,0.8202247191011236
planar,0.9,0,OpenCV-EPNP-RANSAC,True,False,48.14549264226856,50.0874365242544,473.406036,-1,1,0.0,0.0,0.0
planar,0.9,0,OpenCV-SQPNP-RANSAC-REFINE,True,False,172.82397268079148,2546.4040368974192,474.144314,-1,8,0.125,0.01,0.018518518518518517
planar,0.9,0,LoP4P,True,True,1.3924890159104246,2.0275270231328633,7981.338809,5000,93,0.956989247311828,0.89,0.922279792746114
planar,0.9,0,RPnP++,True,True,0.8919743482516942,0.2948333172027841,225.848817,179,93,0.967741935483871,0.9,0.9326424870466321
planar,0.95,0,OpenCV-P3P-RANSAC,True,False,108.2888740056583,15.77551047953652,489.809328,-1,35,0.8857142857142857,0.31,0.45925925925925926
planar,0.95,0,OpenCV-AP3P-RANSAC,True,False,108.2888740056583,15.77551047953652,477.943611,-1,35,0.8857142857142857,0.31,0.45925925925925926
planar,0.95,0,OpenCV-EPNP-RANSAC,True,False,34.565477617043406,14.326005249987691,671.241155,-1,13,0.5384615384615384,0.07,0.12389380530973453
planar,0.95,0,OpenCV-SQPNP-RANSAC-REFINE,True,False,23.426020320182943,1.7197512421808565,671.090117,-1,28,0.6428571428571429,0.18,0.28124999999999994
planar,0.95,0,LoP4P,True,False,24.654947714404216,25.424115808060904,8260.345342,5000,19,0.47368421052631576,0.09,0.15126050420168066
planar,0.95,0,RPnP++,True,True,1.1623035438574514,0.39534261391674996,885.35036,501,98,0.9489795918367347,0.93,0.9393939393939393
planar,0.05,1,OpenCV-P3P-RANSAC,True,True,0.5556015877244562,0.49898976528970057,0.759559,-1,84,1.0,0.84,0.9130434782608696
planar,0.05,1,OpenCV-AP3P-RANSAC,True,True,0.5556015877244562,0.49898976528970057,0.663316,-1,84,1.0,0.84,0.9130434782608696
planar,0.05,1,OpenCV-EPNP-RANSAC,True,True,0.7927481936613101,1.3934592753307573,2.88745,-1,81,1.0,0.81,0.8950276243093923
planar,0.05,1,OpenCV-SQPNP-RANSAC-REFINE,True,True,0.6241239232770547,0.3180692735058356,3.159909,-1,84,1.0,0.84,0.9130434782608696
planar,0.05,1,LoP4P,True,True,0.25817944100393286,0.6689550438313592,17.714192,10,83,1.0,0.83,0.9071038251366119
planar,0.05,1,RPnP++,True,True,0.43252764231564467,0.20271354699292243,0.933764,1,88,1.0,0.88,0.9361702127659575
planar,0.25,1,OpenCV-P3P-RANSAC,True,True,1.078277061450786,1.6327729068241272,1.487448,-1,82,1.0,0.82,0.9010989010989011
planar,0.25,1,OpenCV-AP3P-RANSAC,True,True,1.078277061450786,1.6327729068241272,1.516101,-1,82,1.0,0.82,0.9010989010989011
planar,0.25,1,OpenCV-EPNP-RANSAC,True,True,0.5481908063083791,0.4544845261063061,4.474195,-1,83,1.0,0.83,0.9071038251366119
planar,0.25,1,OpenCV-SQPNP-RANSAC-REFINE,True,True,0.5390740042899455,0.32898554213539605,4.73989,-1,84,1.0,0.84,0.9130434782608696
planar,0.25,1,LoP4P,True,True,0.3934385278976673,0.5668782361187498,47.375458,26,85,1.0,0.85,0.9189189189189189
planar,0.25,1,RPnP++,True,True,0.4324301981485262,0.20292689370048048,1.29888,3,88,1.0,0.88,0.9361702127659575
planar,0.5,1,OpenCV-P3P-RANSAC,True,False,0.30553783910697335,19.128265434838674,8.222157,-1,20,0.95,0.19,0.3166666666666667
planar,0.5,1,OpenCV-AP3P-RANSAC,True,False,0.30553783910697335,19.128265434838674,8.188134,-1,20,0.95,0.19,0.3166666666666667
planar,0.5,1,OpenCV-EPNP-RANSAC,True,True,0.700947638289495,0.17529319261299933,35.188483,-1,84,1.0,0.84,0.9130434782608696
planar,0.5,1,OpenCV-SQPNP-RANSAC-REFINE,True,True,0.8309071384839127,0.4948769532449067,35.400231,-1,85,1.0,0.85,0.9189189189189189
planar,0.5,1,LoP4P,True,True,0.45480892839034526,0.5728392741971436,237.14747,153,83,1.0,0.83,0.9071038251366119
planar,0.5,1,RPnP++,True,True,0.43252742189594934,0.20271297936591573,3.953283,6,88,1.0,0.88,0.9361702127659575
planar,0.7,1,OpenCV-P3P-RANSAC,True,True,0.41400306949624316,0.15540255042903564,36.800662,-1,89,0.9887640449438202,0.88,0.9312169312169312
planar,0.7,1,OpenCV-AP3P-RANSAC,True,True,0.41400306949624316,0.15540255042903564,36.393322,-1,89,0.9887640449438202,0.88,0.9312169312169312
planar,0.7,1,OpenCV-EPNP-RANSAC,True,True,0.8425929189259682,0.9693602962444807,343.272986,-1,85,0.9882352941176471,0.84,0.9081081081081082
planar,0.7,1,OpenCV-SQPNP-RANSAC-REFINE,True,True,0.8480699638618517,0.43026536575254914,343.748151,-1,88,0.9886363636363636,0.87,0.925531914893617
planar,0.7,1,LoP4P,True,True,0.463893332131808,0.26648076079594535,1605.154291,1033,86,0.9883720930232558,0.85,0.9139784946236558
planar,0.7,1,RPnP++,True,True,0.4440212504975436,0.20359879851498172,10.029635,18,89,0.9887640449438202,0.88,0.9312169312169312
planar,0.8,1,OpenCV-P3P-RANSAC,True,True,1.2341267910527616,1.3412082107399217,207.0001,-1,81,0.9876543209876543,0.8,0.8839779005524862
planar,0.8,1,OpenCV-AP3P-RANSAC,True,True,1.2341267910527616,1.3412082107399217,206.43177,-1,81,0.9876543209876543,0.8,0.8839779005524862
planar,0.8,1,OpenCV-EPNP-RANSAC,True,False,24.541004663323704,11.796584394970367,376.644829,-1,8,0.625,0.05,0.09259259259259259
planar,0.8,1,OpenCV-SQPNP-RANSAC-REFINE,True,False,19.25353462595508,1.7549480489834224,376.594017,-1,11,0.7272727272727273,0.08,0.14414414414414414
planar,0.8,1,LoP4P,True,True,0.548320569341753,0.35367102984534576,7701.290823,5000,84,0.9880952380952381,0.83,0.9021739130434783
planar,0.8,1,RPnP++,True,True,0.3929177482813541,0.28535613180833536,38.1921,41,89,0.9887640449438202,0.88,0.9312169312169312
planar,0.9,1,OpenCV-P3P-RANSAC,True,True,0.7911478695272206,0.759131650878143,297.40226,-1,87,0.9655172413793104,0.84,0.8983957219251336
planar,0.9,1,OpenCV-AP3P-RANSAC,True,True,0.7911478695272206,0.759131650878143,297.302157,-1,87,0.9655172413793104,0.84,0.8983957219251336
planar,0.9,1,OpenCV-EPNP-RANSAC,True,False,117.87362093718426,6.75110872340857e+26,475.40636,-1,0,0.0,0.0,0.0
planar,0.9,1,OpenCV-SQPNP-RANSAC-REFINE,True,False,134.70917176292863,7415.521529801494,476.325769,-1,9,0.1111111111111111,0.01,0.01834862385321101
planar,0.9,1,LoP4P,True,True,1.2601248681397066,0.15081021376852216,7877.828166,5000,81,0.9629629629629629,0.78,0.8618784530386739
planar,0.9,1,RPnP++,True,True,0.44833083358269793,0.22641421365384248,149.732727,149,90,0.9666666666666667,0.87,0.9157894736842105
planar,0.95,1,OpenCV-P3P-RANSAC,True,True,0.8313023008115724,1.1908620287041651,479.717166,-1,84,0.9761904761904762,0.82,0.8913043478260869
planar,0.95,1,OpenCV-AP3P-RANSAC,True,True,0.8313023008115724,1.1908620287041651,479.879713,-1,84,0.9761904761904762,0.82,0.8913043478260869
planar,0.95,1,OpenCV-EPNP-RANSAC,True,False,162.04843237004306,62.70726302398677,671.640662,-1,2,0.0,0.0,0.0
planar,0.95,1,OpenCV-SQPNP-RANSAC-REFINE,True,False,168.71038271690142,3981.8883256915365,672.489834,-1,12,0.08333333333333333,0.01,0.017857142857142856
planar,0.95,1,LoP4P,True,False,7.351438164035059,1.7536646726498493,8286.812757,5000,26,0.8846153846153846,0.23,0.3650793650793651
planar,0.95,1,RPnP++,True,True,0.5747090418031698,0.3354886888664087,757.163227,569,90,0.9666666666666667,0.87,0.9157894736842105
planar,0.05,2,OpenCV-P3P-RANSAC,True,False,162.50450998692173,3.7457460885516056,0.69245,-1,25,1.0,0.25,0.4
planar,0.05,2,OpenCV-AP3P-RANSAC,True,False,162.50450998692173,3.7457460885516056,0.596707,-1,25,1.0,0.25,0.4
planar,0.05,2,OpenCV-EPNP-RANSAC,True,False,142.13543991429464,5.335531275205709,122.911928,-1,7,1.0,0.07,0.13084112149532712
planar,0.05,2,OpenCV-SQPNP-RANSAC-REFINE,True,True,0.7499775364006928,1.9698142039329014,122.98541,-1,81,1.0,0.81,0.8950276243093923
planar,0.05,2,LoP4P,True,True,0.8829297693215773,1.0817451926384614,114.610424,70,88,1.0,0.88,0.9361702127659575
planar,0.05,2,RPnP++,True,True,0.5455238433441641,1.080177958555991,1.653682,3,89,1.0,0.89,0.9417989417989417
planar,0.25,2,OpenCV-P3P-RANSAC,True,False,163.1298621255793,2.0104723647345923,1.455854,-1,30,1.0,0.3,0.4615384615384615
planar,0.25,2,OpenCV-AP3P-RANSAC,True,False,163.1298621255793,2.0104723647345923,1.396497,-1,30,1.0,0.3,0.4615384615384615
planar,0.25,2,OpenCV-EPNP-RANSAC,True,False,149.62668780957384,4.477897694883484,298.760394,-1,9,1.0,0.09,0.16513761467889906
planar,0.25,2,OpenCV-SQPNP-RANSAC-REFINE,True,True,1.1781299516740693,1.338610369430181,298.77426,-1,78,1.0,0.78,0.8764044943820225
planar,0.25,2,LoP4P,True,True,0.9053613854847575,0.15707948084492399,51.082482,31,84,1.0,0.84,0.9130434782608696
planar,0.25,2,RPnP++,True,True,0.5456575123932205,1.0802902119502678,1.927399,3,89,1.0,0.89,0.9417989417989417
planar,0.5,2,OpenCV-P3P-RANSAC,True,False,162.02376545698237,3.489414893427958,8.118692,-1,29,1.0,0.29,0.44961240310077516
planar,0.5,2,OpenCV-AP3P-RANSAC,True,False,162.02376545698237,3.489414893427958,7.835649,-1,29,1.0,0.29,0.44961240310077516
planar,0.5,2,OpenCV-EPNP-RANSAC,True,False,22.916218932884522,23.025618392632914,316.608976,-1,4,1.0,0.04,0.07692307692307693
planar,0.5,2,OpenCV-SQPNP-RANSAC-REFINE,True,False,161.63037641601002,4.646991608492383,317.386286,-1,26,1.0,0.26,0.41269841269841273
planar,0.5,2,LoP4P,True,True,1.297104046910976,1.1006982429346317,1816.108504,1205,84,1.0,0.84,0.9130434782608696
planar,0.5,2,RPnP++,True,True,0.5456763947349124,1.0802989721055474,3.958463,6,89,1.0,0.89,0.9417989417989417
planar,0.7,2,OpenCV-P3P-RANSAC,True,False,161.94363611101704,0.47108218577239386,53.637267,-1,30,0.9666666666666667,0.29,0.4461538461538462
planar,0.7,2,OpenCV-AP3P-RANSAC,True,False,161.94363611101704,0.47108218577239386,52.837346,-1,30,0.9666666666666667,0.29,0.4461538461538462
planar,0.7,2,OpenCV-EPNP-RANSAC,True,False,79.88585134128985,4.932311069864734,347.446431,-1,5,1.0,0.05,0.09523809523809523
planar,0.7,2,OpenCV-SQPNP-RANSAC-REFINE,True,True,1.059983098876154,1.2693518501543888,347.636243,-1,82,0.9878048780487805,0.81,0.8901098901098902
planar,0.7,2,LoP4P,True,True,0.6455648352287342,0.8164055813198278,1949.232863,1265,89,0.9887640449438202,0.88,0.9312169312169312
planar,0.7,2,RPnP++,True,True,0.4747063856362002,1.0596012745194334,8.32442,22,91,0.989010989010989,0.9,0.9424083769633509
planar,0.8,2,OpenCV-P3P-RANSAC,True,False,162.90280887919445,2.9601138467448616,207.901983,-1,31,1.0,0.31,0.47328244274809156
planar,0.8,2,OpenCV-AP3P-RANSAC,True,False,162.90280887919445,2.9601138467448616,202.083003,-1,31,1.0,0.31,0.47328244274809156
planar,0.8,2,OpenCV-EPNP-RANSAC,True,False,134.18527229361402,5.305148087828317,378.48809,-1,4,0.75,0.03,0.05769230769230769
planar,0.8,2,OpenCV-SQPNP-RANSAC-REFINE,True,False,5.056505704132206,1.3705384968095753,377.399013,-1,44,0.9772727272727273,0.43,0.5972222222222222
planar,0.8,2,LoP4P,True,True,1.1946792014840846,1.0228138571009722,7572.090103,5000,86,1.0,0.86,0.924731182795699
planar,0.8,2,RPnP++,True,True,0.4872199180533253,1.0720773862788076,17.508438,37,90,1.0,0.9,0.9473684210526316
planar,0.9,2,OpenCV-P3P-RANSAC,True,False,161.11441270985716,6.933377196429929,299.399338,-1,27,0.9629629629629629,0.26,0.40944881889763773
planar,0.9,2,OpenCV-AP3P-RANSAC,True,False,161.11441270985716,6.933377196429929,295.628107,-1,27,0.9629629629629629,0.26,0.40944881889763773
planar,0.9,2,OpenCV-EPNP-RANSAC,True,False,108.3948419498121,1.5396315148469405e+30,481.794697,-1,0,0.0,0.0,0.0
planar,0.9,2,OpenCV-SQPNP-RANSAC-REFINE,True,False,112.24271179983097,1202.9085325652509,474.099222,-1,7,0.14285714285714285,0.01,0.018691588785046728
planar,0.9,2,LoP4P,True,True,1.3340588573606063,1.4677904553631635,7846.098351,5000,83,1.0,0.83,0.9071038251366119
planar,0.9,2,RPnP++,True,True,0.4871352374125401,1.0720662633308873,144.144546,149,90,1.0,0.9,0.9473684210526316
planar,0.95,2,OpenCV-P3P-RANSAC,True,False,163.96386732197445,2.742631785994148,485.00649,-1,11,0.6363636363636364,0.07,0.12612612612612614
planar,0.95,2,OpenCV-AP3P-RANSAC,True,False,163.96386732197445,2.742631785994148,474.825282,-1,11,0.6363636363636364,0.07,0.12612612612612614
planar,0.95,2,OpenCV-EPNP-RANSAC,True,False,141.56203362416707,1.8437821681948825e+31,672.850324,-1,0,0.0,0.0,0.0
planar,0.95,2,OpenCV-SQPNP-RANSAC-REFINE,True,False,132.00327978738304,7068.189839292019,674.082704,-1,10,0.3,0.03,0.05454545454545455
planar,0.95,2,LoP4P,True,False,160.10748483278485,62.281860624173,8172.453986,5000,12,0.08333333333333333,0.01,0.017857142857142856
planar,0.95,2,RPnP++,True,True,0.7144484750711876,1.2156301902006412,584.926227,545,92,0.967391304347826,0.89,0.9270833333333334
planar,0.05,3,OpenCV-P3P-RANSAC,True,True,1.3103733102836537,2.5720867703683057,0.878111,-1,85,1.0,0.85,0.9189189189189189
planar,0.05,3,OpenCV-AP3P-RANSAC,True,True,1.3103733102836537,2.5720867703683057,0.897617,-1,85,1.0,0.85,0.9189189189189189
planar,0.05,3,OpenCV-EPNP-RANSAC,True,True,0.4819239179559308,1.6467003354197172,1.281587,-1,90,1.0,0.9,0.9473684210526316
planar,0.05,3,OpenCV-SQPNP-RANSAC-REFINE,True,True,0.6183687312728284,0.872185670956088,1.581098,-1,91,1.0,0.91,0.9528795811518325
planar,0.05,3,LoP4P,True,True,0.5465873777560796,0.677345949324987,16.758963,5,96,1.0,0.96,0.9795918367346939
planar,0.05,3,RPnP++,True,True,0.2973174581650038,0.43444663385696186,0.834916,1,97,1.0,0.97,0.9847715736040609
planar,0.25,3,OpenCV-P3P-RANSAC,True,True,0.9538496787318611,0.8837785949916167,1.1213,-1,93,1.0,0.93,0.9637305699481865
planar,0.25,3,OpenCV-AP3P-RANSAC,True,True,0.9538496787318611,0.8837785949916167,1.074287,-1,93,1.0,0.93,0.9637305699481865
planar,0.25,3,OpenCV-EPNP-RANSAC,True,True,2.023032603524874,2.635503907105793,5.254521,-1,84,1.0,0.84,0.9130434782608696
planar,0.25,3,OpenCV-SQPNP-RANSAC-REFINE,True,True,0.6619042066381386,0.569731624622002,5.57932,-1,97,1.0,0.97,0.9847715736040609
planar,0.25,3,LoP4P,True,True,0.3839487810030571,0.6679861067313225,28.183734,15,96,1.0,0.96,0.9795918367346939
planar,0.25,3,RPnP++,True,True,0.297362955608207,0.43446023581749676,1.000213,3,97,1.0,0.97,0.9847715736040609
planar,0.5,3,OpenCV-P3P-RANSAC,True,True,1.7316521563295377,1.6617441134413724,4.185451,-1,90,1.0,0.9,0.9473684210526316
planar,0.5,3,OpenCV-AP3P-RANSAC,True,True,1.7316521563295377,1.6617441134413724,4.488436,-1,90,1.0,0.9,0.9473684210526316
planar,0.5,3,OpenCV-EPNP-RANSAC,True,True,1.873350021294077,2.1412157945962167,59.862911,-1,83,1.0,0.83,0.9071038251366119
planar,0.5,3,OpenCV-SQPNP-RANSAC-REFINE,True,True,1.8652794416848388,2.2150611150336412,59.857134,-1,78,1.0,0.78,0.8764044943820225
planar,0.5,3,LoP4P,True,True,0.39935286561428535,0.4922621901360724,142.719411,87,96,1.0,0.96,0.9795918367346939
planar,0.5,3,RPnP++,True,True,0.29459912909337727,0.3860720869162997,1.81785,5,97,1.0,0.97,0.9847715736040609
planar,0.7,3,OpenCV-P3P-RANSAC,True,True,0.5051634700635196,1.179771406641577,55.346806,-1,94,1.0,0.94,0.9690721649484536
planar,0.7,3,OpenCV-AP3P-RANSAC,True,True,0.5051634700635196,1.179771406641577,55.30393,-1,94,1.0,0.94,0.9690721649484536
planar,0.7,3,OpenCV-EPNP-RANSAC,True,True,3.5325193222782643,0.4200543296578952,343.381847,-1,70,1.0,0.7,0.8235294117647058
planar,0.7,3,OpenCV-SQPNP-RANSAC-REFINE,True,True,4.094696208856203,3.9249543302958294,342.228902,-1,59,0.9830508474576272,0.58,0.7295597484276729
planar,0.7,3,LoP4P,True,True,0.6700389026521019,0.6042871003721925,978.152315,638,97,1.0,0.97,0.9847715736040609
planar,0.7,3,RPnP++,True,True,0.2974154677276109,0.43446868808006445,6.435833,14,97,1.0,0.97,0.9847715736040609
planar,0.8,3,OpenCV-P3P-RANSAC,True,True,1.2938975809200675,1.934160061528565,192.892207,-1,90,1.0,0.9,0.9473684210526316
planar,0.8,3,OpenCV-AP3P-RANSAC,True,True,1.2938975809200675,1.934160061528565,191.8954,-1,90,1.0,0.9,0.9473684210526316
planar,0.8,3,OpenCV-EPNP-RANSAC,True,True,2.2477580237248755,2.709604598446546,377.721006,-1,82,1.0,0.82,0.9010989010989011
planar,0.8,3,OpenCV-SQPNP-RANSAC-REFINE,True,True,1.9262952390405288,2.1466964406383338,381.24219,-1,85,1.0,0.85,0.9189189189189189
planar,0.8,3,LoP4P,True,True,0.16350289700174475,0.10196189771962517,5113.812406,3387,96,1.0,0.96,0.9795918367346939
planar,0.8,3,RPnP++,True,True,0.2795192837155271,0.3671439318026957,12.986547,32,97,1.0,0.97,0.9847715736040609
planar,0.9,3,OpenCV-P3P-RANSAC,True,True,4.104418287775272,0.9777559232842588,291.390069,-1,71,0.971830985915493,0.69,0.8070175438596492
planar,0.9,3,OpenCV-AP3P-RANSAC,True,True,4.104418287775272,0.9777559232842588,289.853902,-1,71,0.971830985915493,0.69,0.8070175438596492
planar,0.9,3,OpenCV-EPNP-RANSAC,True,False,141.3094197014551,88.49571138803952,472.637184,-1,0,0.0,0.0,0.0
planar,0.9,3,OpenCV-SQPNP-RANSAC-REFINE,True,False,150.81585317728778,4879.047822028151,473.30753,-1,6,0.5,0.03,0.056603773584905655
planar,0.9,3,LoP4P,True,True,0.7339285932739803,0.6640626145934202,7765.586528,5000,96,0.9895833333333334,0.95,0.9693877551020408
planar,0.9,3,RPnP++,True,True,0.2957478547470971,0.3720894334129644,75.604001,125,98,0.9897959183673469,0.97,0.9797979797979798
planar,0.95,3,OpenCV-P3P-RANSAC,True,True,4.782405547589015,2.3165201597081695,469.341451,-1,45,0.9777777777777777,0.44,0.6068965517241379
planar,0.95,3,OpenCV-AP3P-RANSAC,True,True,4.782405547589015,2.3165201597081695,467.784774,-1,45,0.9777777777777777,0.44,0.6068965517241379
planar,0.95,3,OpenCV-EPNP-RANSAC,True,False,110.5390461092341,1.4313590219315937e+31,669.299963,-1,0,0.0,0.0,0.0
planar,0.95,3,OpenCV-SQPNP-RANSAC-REFINE,True,False,152.4410533037682,3799.8861946111874,682.963424,-1,8,0.0,0.0,0.0
planar,0.95,3,LoP4P,True,False,10.978689583030272,7.567982908856152,8056.789605,5000,23,0.9130434782608695,0.21,0.34146341463414626
planar,0.95,3,RPnP++,True,True,0.2576127794437194,0.363803418552762,459.64436,481,99,0.9797979797979798,0.97,0.9748743718592964
planar,0.05,4,OpenCV-P3P-RANSAC,True,True,1.4985647679041112,0.5301190765218536,0.903899,-1,87,1.0,0.87,0.9304812834224598
planar,0.05,4,OpenCV-AP3P-RANSAC,True,True,1.4985647679041112,0.5301190765218536,0.808667,-1,87,1.0,0.87,0.9304812834224598
planar,0.05,4,OpenCV-EPNP-RANSAC,True,True,1.2799377465952482,0.4947268111191932,1.737254,-1,90,1.0,0.9,0.9473684210526316
planar,0.05,4,OpenCV-SQPNP-RANSAC-REFINE,True,True,1.406157117512856,0.13813204211194527,2.005923,-1,90,1.0,0.9,0.9473684210526316
planar,0.05,4,LoP4P,True,True,1.9308940543036566,0.25910860088616866,23.390431,11,89,1.0,0.89,0.9417989417989417
planar,0.05,4,RPnP++,True,True,0.5427737787380806,0.699942908678484,1.185317,2,91,1.0,0.91,0.9528795811518325
planar,0.25,4,OpenCV-P3P-RANSAC,True,False,7.005917968596635,2.1503888457278255,1.989485,-1,79,1.0,0.79,0.8826815642458101
planar,0.25,4,OpenCV-AP3P-RANSAC,True,False,7.005917968596635,2.1503888457278255,1.870175,-1,79,1.0,0.79,0.8826815642458101
planar,0.25,4,OpenCV-EPNP-RANSAC,True,True,4.311648918685541,0.8422391885279672,2.966201,-1,88,1.0,0.88,0.9361702127659575
planar,0.25,4,OpenCV-SQPNP-RANSAC-REFINE,True,True,2.1140603425879774,0.5315892484338278,3.253458,-1,88,1.0,0.88,0.9361702127659575
planar,0.25,4,LoP4P,True,True,4.458626865530342,0.3678707791469295,39.165275,21,89,1.0,0.89,0.9417989417989417
planar,0.25,4,RPnP++,True,True,0.5420830584201799,0.699785655693919,1.565711,2,91,1.0,0.91,0.9528795811518325
planar,0.5,4,OpenCV-P3P-RANSAC,True,True,4.523098648041844,0.3698922140329498,7.040572,-1,86,1.0,0.86,0.924731182795699
planar,0.5,4,OpenCV-AP3P-RANSAC,True,True,4.523098648041844,0.3698922140329498,6.72092,-1,86,1.0,0.86,0.924731182795699
planar,0.5,4,OpenCV-EPNP-RANSAC,True,False,9.185925677190516,0.9337326567235408,67.12358,-1,81,1.0,0.81,0.8950276243093923
planar,0.5,4,OpenCV-SQPNP-RANSAC-REFINE,True,False,8.193454052381853,0.48393272939351767,67.906081,-1,80,1.0,0.8,0.888888888888889
planar,0.5,4,LoP4P,True,True,1.4091976796405687,0.7522290468897069,180.734898,116,89,1.0,0.89,0.9417989417989417
planar,0.5,4,RPnP++,True,True,0.5425822954821632,0.6999255318100214,3.30395,6,91,1.0,0.91,0.9528795811518325
planar,0.7,4,OpenCV-P3P-RANSAC,True,True,1.2595537427651755,0.3556395042825135,71.736882,-1,91,1.0,0.91,0.9528795811518325
planar,0.7,4,OpenCV-AP3P-RANSAC,True,True,1.2595537427651755,0.3556395042825135,70.245021,-1,91,1.0,0.91,0.9528795811518325
planar,0.7,4,OpenCV-EPNP-RANSAC,True,False,9.71230349649718,0.7718312612145004,346.089976,-1,82,1.0,0.82,0.9010989010989011
planar,0.7,4,OpenCV-SQPNP-RANSAC-REFINE,True,False,9.039753949696042,0.5630888109605954,346.18806,-1,82,1.0,0.82,0.9010989010989011
planar,0.7,4,LoP4P,True,True,3.000512372002624,1.1429249708817746,1316.269698,861,90,0.9888888888888889,0.89,0.9368421052631579
planar,0.7,4,RPnP++,True,True,0.8309073836691014,0.42111677255153707,6.202861,15,89,1.0,0.89,0.9417989417989417
planar,0.8,4,OpenCV-P3P-RANSAC,True,True,4.243698404185599,0.4454681336474577,206.787299,-1,87,0.9885057471264368,0.86,0.9197860962566845
planar,0.8,4,OpenCV-AP3P-RANSAC,True,True,4.243698404185599,0.4454681336474577,204.42461,-1,87,0.9885057471264368,0.86,0.9197860962566845
planar,0.8,4,OpenCV-EPNP-RANSAC,True,False,16.08448845792683,6.7330538281911085,380.158167,-1,48,0.9791666666666666,0.47,0.6351351351351351
planar,0.8,4,OpenCV-SQPNP-RANSAC-REFINE,True,False,14.750009930927238,6.243415018774918,375.881883,-1,51,0.9803921568627451,0.5,0.662251655629139
planar,0.8,4,LoP4P,True,True,2.36358002441191,0.5989677580847977,7259.135792,4798,88,0.9886363636363636,0.87,0.925531914893617
planar,0.8,4,RPnP++,True,True,0.6075015608795719,0.709758779254011,15.385696,35,92,0.9891304347826086,0.91,0.9479166666666667
planar,0.9,4,OpenCV-P3P-RANSAC,True,False,19.447917723931916,1.422054267767297,292.3917,-1,64,0.96875,0.62,0.7560975609756097
planar,0.9,4,OpenCV-AP3P-RANSAC,True,False,19.447917723931916,1.422054267767297,288.660675,-1,64,0.96875,0.62,0.7560975609756097
planar,0.9,4,OpenCV-EPNP-RANSAC,True,False,120.71321532320465,48.34679155464074,471.411393,-1,2,0.5,0.01,0.0196078431372549
planar,0.9,4,OpenCV-SQPNP-RANSAC-REFINE,True,False,107.15515297351816,36.74786031366446,476.529199,-1,6,0.5,0.03,0.056603773584905655
planar,0.9,4,LoP4P,True,True,3.3540318274920313,0.15492379966026812,7759.037998,5000,88,0.9772727272727273,0.86,0.9148936170212766
planar,0.9,4,RPnP++,True,True,0.21808143630482635,0.6935271975897265,91.762062,133,91,0.978021978021978,0.89,0.9319371727748691
planar,0.95,4,OpenCV-P3P-RANSAC,True,False,17.318463388171658,2.800613792108423,479.880038,-1,52,0.9423076923076923,0.49,0.6447368421052632
planar,0.95,4,OpenCV-AP3P-RANSAC,True,False,17.318463388171658,2.800613792108423,474.631472,-1,52,0.9423076923076923,0.49,0.6447368421052632
planar,0.95,4,OpenCV-EPNP-RANSAC,True,False,163.3281509342573,46.85825862535734,670.026272,-1,0,0.0,0.0,0.0
planar,0.95,4,OpenCV-SQPNP-RANSAC-REFINE,True,False,142.14862788796282,3856.807672364731,670.483906,-1,11,0.0,0.0,0.0
planar,0.95,4,LoP4P,True,False,27.562150041870947,7.771671090249028,8081.457137,5000,13,0.6153846153846154,0.08,0.14159292035398233
planar,0.95,4,RPnP++,True,True,0.8634766039737507,0.6239852578942424,511.284918,545,93,0.967741935483871,0.9,0.9326424870466321
planar,0.05,5,OpenCV-P3P-RANSAC,True,True,2.630640308155168,2.649064417557078,1.547346,-1,73,1.0,0.73,0.8439306358381503
planar,0.05,5,OpenCV-AP3P-RANSAC,True,True,2.630640308155168,2.649064417557078,1.381741,-1,73,1.0,0.73,0.8439306358381503
planar,0.05,5,OpenCV-EPNP-RANSAC,True,True,3.588869127345911,2.0404350578063117,3.132253,-1,81,1.0,0.81,0.8950276243093923
planar,0.05,5,OpenCV-SQPNP-RANSAC-REFINE,True,True,1.7475144176748216,1.6959587307477109,3.418064,-1,82,1.0,0.82,0.9010989010989011
planar,0.05,5,LoP4P,True,True,1.1674970956454394,0.4088097090705228,27.01236,10,83,1.0,0.83,0.9071038251366119
planar,0.05,5,RPnP++,True,True,0.7905311926606129,0.10981531447071798,1.441603,2,85,1.0,0.85,0.9189189189189189
planar,0.25,5,OpenCV-P3P-RANSAC,True,True,1.8975736184002197,0.38014735399889793,2.000369,-1,82,1.0,0.82,0.9010989010989011
planar,0.25,5,OpenCV-AP3P-RANSAC,True,True,1.8975736184002197,0.38014735399889793,1.935123,-1,82,1.0,0.82,0.9010989010989011
planar,0.25,5,OpenCV-EPNP-RANSAC,True,True,2.2155216009765732,1.6211615020254706,9.109879,-1,82,1.0,0.82,0.9010989010989011
planar,0.25,5,OpenCV-SQPNP-RANSAC-REFINE,True,True,1.4050429172476522,1.384655699985299,8.241083,-1,82,1.0,0.82,0.9010989010989011
planar,0.25,5,LoP4P,True,True,0.6184798544454618,0.18451452722113096,55.757026,27,84,1.0,0.84,0.9130434782608696
planar,0.25,5,RPnP++,True,True,0.7501298638663884,0.4292201842814268,2.256039,3,83,1.0,0.83,0.9071038251366119
planar,0.5,5,OpenCV-P3P-RANSAC,True,True,3.433414630554056,0.15646535052945906,8.574151,-1,79,1.0,0.79,0.8826815642458101
planar,0.5,5,OpenCV-AP3P-RANSAC,True,True,3.433414630554056,0.15646535052945906,8.508454,-1,79,1.0,0.79,0.8826815642458101
planar,0.5,5,OpenCV-EPNP-RANSAC,True,True,1.6388917264045035,0.5267576902954169,72.006408,-1,78,1.0,0.78,0.8764044943820225
planar,0.5,5,OpenCV-SQPNP-RANSAC-REFINE,True,True,1.8659294796837766,0.9027918143433247,72.049301,-1,78,1.0,0.78,0.8764044943820225
planar,0.5,5,LoP4P,True,True,1.5900099152196756,0.43863089224367,227.275953,139,85,1.0,0.85,0.9189189189189189
planar,0.5,5,RPnP++,True,True,0.9543486554494479,0.5900840600006637,3.600768,6,83,1.0,0.83,0.9071038251366119
planar,0.7,5,OpenCV-P3P-RANSAC,True,True,1.7362965727930217,0.17736827034621627,58.615589,-1,81,1.0,0.81,0.8950276243093923
planar,0.7,5,OpenCV-AP3P-RANSAC,True,True,1.7362965727930217,0.17736827034621627,57.903438,-1,81,1.0,0.81,0.8950276243093923
planar,0.7,5,OpenCV-EPNP-RANSAC,True,True,2.85516606853003,0.714415594605857,342.917471,-1,75,1.0,0.75,0.8571428571428571
planar,0.7,5,OpenCV-SQPNP-RANSAC-REFINE,True,True,3.266082611413581,1.0556211587925206,343.298883,-1,75,1.0,0.75,0.8571428571428571
planar,0.7,5,LoP4P,True,True,2.013664615741744,1.3448940857067935,1877.386846,1251,82,1.0,0.82,0.9010989010989011
planar,0.7,5,RPnP++,True,True,1.591096253449769,0.8389187389969485,7.54469,26,84,1.0,0.84,0.9130434782608696
planar,0.8,5,OpenCV-P3P-RANSAC,True,True,0.5992926698252131,0.8069206352161638,204.482888,-1,83,0.963855421686747,0.8,0.8743169398907104
planar,0.8,5,OpenCV-AP3P-RANSAC,True,True,0.5992926698252131,0.8069206352161638,203.850265,-1,83,0.963855421686747,0.8,0.8743169398907104
planar,0.8,5,OpenCV-EPNP-RANSAC,True,False,15.40958281619309,4.115920599970145,376.664379,-1,29,0.8620689655172413,0.25,0.38759689922480617
planar,0.8,5,OpenCV-SQPNP-RANSAC-REFINE,True,False,8.259268229195,0.8772134228852242,377.194848,-1,52,0.9423076923076923,0.49,0.6447368421052632
planar,0.8,5,LoP4P,True,True,0.48620532134054045,0.7008265613346052,7319.520982,4798,88,0.9659090909090909,0.85,0.9042553191489362
planar,0.8,5,RPnP++,True,True,1.1430703936314206,0.6574231514411346,16.921051,39,87,0.9655172413793104,0.84,0.8983957219251336
planar,0.9,5,OpenCV-P3P-RANSAC,True,True,3.1388415113628447,0.6253487413772087,293.550916,-1,77,0.974025974025974,0.75,0.8474576271186441
planar,0.9,5,OpenCV-AP3P-RANSAC,True,True,3.1388415113628447,0.6253487413772087,292.387948,-1,77,0.974025974025974,0.75,0.8474576271186441
planar,0.9,5,OpenCV-EPNP-RANSAC,True,False,57.21836223501539,33.713863538892056,472.974122,-1,3,0.6666666666666666,0.02,0.038834951456310676
planar,0.9,5,OpenCV-SQPNP-RANSAC-REFINE,True,False,37.278492114598556,28.708839688391002,473.489386,-1,9,0.7777777777777778,0.07,0.12844036697247707
planar,0.9,5,LoP4P,True,False,69.04767004995873,16.044722504227458,7714.860368,5000,25,0.88,0.22,0.352
planar,0.9,5,RPnP++,True,True,1.3401260165227022,0.7354964018941156,105.366099,159,87,0.9885057471264368,0.86,0.9197860962566845
planar,0.95,5,OpenCV-P3P-RANSAC,True,False,19.81224288649281,950.8915266624822,475.780815,-1,1,0.0,0.0,0.0
planar,0.95,5,OpenCV-AP3P-RANSAC,True,False,19.81224288649281,950.8915266624822,474.126284,-1,1,0.0,0.0,0.0
planar,0.95,5,OpenCV-EPNP-RANSAC,True,False,71.59557388741031,3.6516306217856406e+30,669.772652,-1,4,0.0,0.0,0.0
planar,0.95,5,OpenCV-SQPNP-RANSAC-REFINE,True,False,129.56559181381172,3627.0161093384127,669.992736,-1,9,0.0,0.0,0.0
planar,0.95,5,LoP4P,True,False,57.86018280159436,57.571248752783745,8044.273233,5000,9,0.0,0.0,0.0
planar,0.95,5,RPnP++,True,True,1.5197799952236828,0.6929892325211143,587.556987,622,88,0.9545454545454546,0.84,0.8936170212765958
planar,0.05,6,OpenCV-P3P-RANSAC,True,True,2.746977991858252,0.5064322426121067,0.922079,-1,81,1.0,0.81,0.8950276243093923
planar,0.05,6,OpenCV-AP3P-RANSAC,True,True,2.746977991858252,0.5064322426121067,0.807881,-1,81,1.0,0.81,0.8950276243093923
planar,0.05,6,OpenCV-EPNP-RANSAC,True,True,1.4220960638546547,2.2232576976974663,3.129631,-1,81,1.0,0.81,0.8950276243093923
planar,0.05,6,OpenCV-SQPNP-RANSAC-REFINE,True,True,1.4948515952863488,1.6234792384460552,3.406714,-1,81,1.0,0.81,0.8950276243093923
planar,0.05,6,LoP4P,True,True,0.6335043295935746,0.34843308388084976,18.160746,8,87,1.0,0.87,0.9304812834224598
planar,0.05,6,RPnP++,True,True,0.3874791229723844,0.11659247118214192,0.828628,1,90,1.0,0.9,0.9473684210526316
planar,0.25,6,OpenCV-P3P-RANSAC,True,True,1.19803919910299,1.7457322314477046,1.894376,-1,83,1.0,0.83,0.9071038251366119
planar,0.25,6,OpenCV-AP3P-RANSAC,True,True,1.19803919910299,1.7457322314477046,1.895903,-1,83,1.0,0.83,0.9071038251366119
planar,0.25,6,OpenCV-EPNP-RANSAC,True,True,1.3472768402420325,1.874296845093825,13.915797,-1,78,1.0,0.78,0.8764044943820225
planar,0.25,6,OpenCV-SQPNP-RANSAC-REFINE,True,True,0.6589977433583024,0.881087973957261,14.096293,-1,84,1.0,0.84,0.9130434782608696
planar,0.25,6,LoP4P,True,True,0.4275384145123701,0.07106072943777925,38.832661,20,90,1.0,0.9,0.9473684210526316
planar,0.25,6,RPnP++,True,True,0.3874848202585344,0.11658949580875466,1.347529,2,90,1.0,0.9,0.9473684210526316
planar,0.5,6,OpenCV-P3P-RANSAC,True,True,2.124000480758974,0.875374240020939,7.532644,-1,78,1.0,0.78,0.8764044943820225
planar,0.5,6,OpenCV-AP3P-RANSAC,True,True,2.124000480758974,0.875374240020939,7.713002,-1,78,1.0,0.78,0.8764044943820225
planar,0.5,6,OpenCV-EPNP-RANSAC,True,True,0.5059513079580935,0.23408120698406887,83.924604,-1,89,1.0,0.89,0.9417989417989417
planar,0.5,6,OpenCV-SQPNP-RANSAC-REFINE,True,True,0.9350175092600344,0.986141366383945,84.192654,-1,90,1.0,0.9,0.9473684210526316
planar,0.5,6,LoP4P,True,True,0.7773898863854186,0.38900496569697135,179.433511,110,90,1.0,0.9,0.9473684210526316
planar,0.5,6,RPnP++,True,True,0.38745990002913194,0.11658132680641797,2.466749,7,90,1.0,0.9,0.9473684210526316
planar,0.7,6,OpenCV-P3P-RANSAC,True,True,1.4697431440564448,2.9907851254160285,48.66121,-1,79,1.0,0.79,0.8826815642458101
planar,0.7,6,OpenCV-AP3P-RANSAC,True,True,1.4697431440564448,2.9907851254160285,47.482945,-1,79,1.0,0.79,0.8826815642458101
planar,0.7,6,OpenCV-EPNP-RANSAC,True,False,10.138347330213273,4.514927066669436,344.470287,-1,33,1.0,0.33,0.49624060150375937
planar,0.7,6,OpenCV-SQPNP-RANSAC-REFINE,True,False,9.175418569620804,0.7248420568790634,343.505694,-1,40,1.0,0.4,0.5714285714285715
planar,0.7,6,LoP4P,True,True,1.0311326461258512,1.2709445130419723,1466.617664,942,88,1.0,0.88,0.9361702127659575
planar,0.7,6,RPnP++,True,True,0.3874654045775715,0.11662960379430394,13.394285,30,90,1.0,0.9,0.9473684210526316
planar,0.8,6,OpenCV-P3P-RANSAC,True,True,1.6581829232255814,2.828925678888662,209.921983,-1,85,0.9764705882352941,0.83,0.8972972972972972
planar,0.8,6,OpenCV-AP3P-RANSAC,True,True,1.6581829232255814,2.828925678888662,214.441441,-1,85,0.9764705882352941,0.83,0.8972972972972972
planar,0.8,6,OpenCV-EPNP-RANSAC,True,True,1.3064325104279748,4.395265140621338,379.033282,-1,73,0.9726027397260274,0.71,0.8208092485549133
planar,0.8,6,OpenCV-SQPNP-RANSAC-REFINE,True,False,5.5259231479865365,3.357297209765104,376.518504,-1,51,1.0,0.51,0.6754966887417219
planar,0.8,6,LoP4P,True,True,1.6238995938911172,0.9397429313349689,6820.185184,4385,90,0.9777777777777777,0.88,0.9263157894736842
planar,0.8,6,RPnP++,True,True,0.5283693298743537,0.14909912994738908,23.451274,35,91,0.989010989010989,0.9,0.9424083769633509
planar,0.9,6,OpenCV-P3P-RANSAC,True,True,2.958609435608322,2.3142314284716874,305.599769,-1,82,0.9390243902439024,0.77,0.8461538461538461
planar,0.9,6,OpenCV-AP3P-RANSAC,True,True,2.958609435608322,2.3142314284716874,299.31024,-1,82,0.9390243902439024,0.77,0.8461538461538461
planar,0.9,6,OpenCV-EPNP-RANSAC,True,False,27.64945995469616,19.530664517631493,473.514512,-1,15,0.7333333333333333,0.11,0.19130434782608696
planar,0.9,6,OpenCV-SQPNP-RANSAC-REFINE,True,False,20.113977547343378,38.562069800988795,473.980034,-1,13,0.9230769230769231,0.12,0.21238938053097348
planar,0.9,6,LoP4P,True,True,4.879906487485383,3.1571644331662223,7919.872508,5000,65,0.9538461538461539,0.62,0.7515151515151515
planar,0.9,6,RPnP++,True,True,0.303595782072631,0.15171270753060684,162.227911,133,96,0.9375,0.9,0.9183673469387755
planar,0.95,6,OpenCV-P3P-RANSAC,True,False,8.841674943450956,14.794241345590454,487.575242,-1,38,0.7631578947368421,0.29,0.4202898550724638
planar,0.95,6,OpenCV-AP3P-RANSAC,True,False,8.841674943450956,14.794241345590454,478.178384,-1,38,0.7631578947368421,0.29,0.4202898550724638
planar,0.95,6,OpenCV-EPNP-RANSAC,True,False,65.00608212502397,6.081299353230093e+16,670.152007,-1,0,0.0,0.0,0.0
planar,0.95,6,OpenCV-SQPNP-RANSAC-REFINE,True,False,118.254562860513,4297.622080005549,670.288062,-1,16,0.0625,0.01,0.01724137931034483
planar,0.95,6,LoP4P,True,True,4.151845189132744,2.119216718959875,8284.995253,5000,74,0.8918918918918919,0.66,0.7586206896551725
planar,0.95,6,RPnP++,True,True,0.5225885934175046,0.13949549625014449,845.668655,481,99,0.9191919191919192,0.91,0.9145728643216081
planar,0.05,7,OpenCV-P3P-RANSAC,True,False,79.09326087472506,4.59720106924409,0.797772,-1,28,1.0,0.28,0.43750000000000006
planar,0.05,7,OpenCV-AP3P-RANSAC,True,False,79.09326087472506,4.59720106924409,0.695701,-1,28,1.0,0.28,0.43750000000000006
planar,0.05,7,OpenCV-EPNP-RANSAC,True,False,78.12435510605943,3.6269523231626195,4.893703,-1,26,1.0,0.26,0.41269841269841273
planar,0.05,7,OpenCV-SQPNP-RANSAC-REFINE,True,True,3.034257928167836,0.7902803483204043,5.163701,-1,78,1.0,0.78,0.8764044943820225
planar,0.05,7,LoP4P,True,True,0.6484611827286568,0.1836727443654675,15.210982,7,88,1.0,0.88,0.9361702127659575
planar,0.05,7,RPnP++,True,True,0.6087215293445263,0.40964579335366674,1.984243,2,89,1.0,0.89,0.9417989417989417
planar,0.25,7,OpenCV-P3P-RANSAC,True,False,79.35810020921227,2.778410481422787,1.193686,-1,25,1.0,0.25,0.4
planar,0.25,7,OpenCV-AP3P-RANSAC,True,False,79.35810020921227,2.778410481422787,1.225039,-1,25,1.0,0.25,0.4
planar,0.25,7,OpenCV-EPNP-RANSAC,True,False,5.040263575257292,2.405413160115357,14.976175,-1,70,1.0,0.7,0.8235294117647058
planar,0.25,7,OpenCV-SQPNP-RANSAC-REFINE,True,True,3.2493671664894666,0.35126140407064305,15.287664,-1,74,1.0,0.74,0.8505747126436781
planar,0.25,7,LoP4P,True,True,0.8099285497037323,0.39837100715538765,46.145698,23,87,1.0,0.87,0.9304812834224598
planar,0.25,7,RPnP++,True,True,0.6092309450854081,0.40936003426090817,1.460332,3,89,1.0,0.89,0.9417989417989417
planar,0.5,7,OpenCV-P3P-RANSAC,True,False,79.7674019641557,0.41250698769489935,10.77485,-1,22,1.0,0.22,0.36065573770491804
planar,0.5,7,OpenCV-AP3P-RANSAC,True,False,79.7674019641557,0.41250698769489935,10.38769,-1,22,1.0,0.22,0.36065573770491804
planar,0.5,7,OpenCV-EPNP-RANSAC,True,False,76.84678082409582,8.44057038843404,226.575231,-1,27,1.0,0.27,0.4251968503937008
planar,0.5,7,OpenCV-SQPNP-RANSAC-REFINE,True,True,2.920288246307994,2.434480585348884,226.350421,-1,76,0.9868421052631579,0.75,0.8522727272727272
planar,0.5,7,LoP4P,True,True,0.43269223167365445,0.29602142975643836,191.91489,121,88,0.9886363636363636,0.87,0.925531914893617
planar,0.5,7,RPnP++,True,True,0.6423607062043223,0.4288162456249805,2.221661,6,90,0.9888888888888889,0.89,0.9368421052631579
planar,0.7,7,OpenCV-P3P-RANSAC,True,False,79.36408246748374,3.426238057300685,58.313248,-1,26,0.9615384615384616,0.25,0.3968253968253968
planar,0.7,7,OpenCV-AP3P-RANSAC,True,False,79.36408246748374,3.426238057300685,58.643444,-1,26,0.9615384615384616,0.25,0.3968253968253968
planar,0.7,7,OpenCV-EPNP-RANSAC,True,False,8.809476998125612,3.015422695058674,341.145374,-1,42,0.9761904761904762,0.41,0.5774647887323944
planar,0.7,7,OpenCV-SQPNP-RANSAC-REFINE,True,False,6.861160890125534,2.796864311557481,341.617981,-1,49,0.9795918367346939,0.48,0.6442953020134228
planar,0.7,7,LoP4P,True,True,1.497297851444412,0.4502840177087874,1656.582594,1083,85,0.9882352941176471,0.84,0.9081081081081082
planar,0.7,7,RPnP++,True,True,0.6234803558836023,0.4180440731531029,7.93297,16,90,0.9888888888888889,0.89,0.9368421052631579
planar,0.8,7,OpenCV-P3P-RANSAC,True,False,80.08274867564378,1.4606569960086682,200.867317,-1,24,1.0,0.24,0.3870967741935484
planar,0.8,7,OpenCV-AP3P-RANSAC,True,False,80.08274867564378,1.4606569960086682,198.189134,-1,24,1.0,0.24,0.3870967741935484
planar,0.8,7,OpenCV-EPNP-RANSAC,True,False,93.68112850533308,8.591909649634308,373.584281,-1,7,1.0,0.07,0.13084112149532712
planar,0.8,7,OpenCV-SQPNP-RANSAC-REFINE,True,False,69.03655484222509,10.324673131110618,373.748871,-1,21,0.9523809523809523,0.2,0.3305785123966942
planar,0.8,7,LoP4P,True,True,0.5533186971986425,0.2064684722963148,7627.811874,5000,87,1.0,0.87,0.9304812834224598
planar,0.8,7,RPnP++,True,True,0.6077670612838163,0.40983028114702513,17.153939,38,89,1.0,0.89,0.9417989417989417
planar,0.9,7,OpenCV-P3P-RANSAC,True,False,77.51127233204686,4.442084568509191,292.63605,-1,26,0.9615384615384616,0.25,0.3968253968253968
planar,0.9,7,OpenCV-AP3P-RANSAC,True,False,77.51127233204686,4.442084568509191,291.603514,-1,26,0.9615384615384616,0.25,0.3968253968253968
planar,0.9,7,OpenCV-EPNP-RANSAC,True,False,122.83796674338515,85.53870072062428,472.057834,-1,0,0.0,0.0,0.0
planar,0.9,7,OpenCV-SQPNP-RANSAC-REFINE,True,False,125.1440071748103,3155.18281614219,477.467022,-1,7,0.14285714285714285,0.01,0.018691588785046728
planar,0.9,7,LoP4P,True,True,0.821589737034753,0.8416581412003762,7794.777136,5000,86,0.9651162790697675,0.83,0.8924731182795699
planar,0.9,7,RPnP++,True,True,0.15044715467446582,0.07987436970069095,106.674467,142,90,0.9666666666666667,0.87,0.9157894736842105
planar,0.95,7,OpenCV-P3P-RANSAC,True,False,96.66775717495712,22.48069035145485,486.625028,-1,10,1.0,0.1,0.18181818181818182
planar,0.95,7,OpenCV-AP3P-RANSAC,True,False,96.66775717495712,22.48069035145485,477.56564,-1,10,1.0,0.1,0.18181818181818182
planar,0.95,7,OpenCV-EPNP-RANSAC,True,False,139.60938090650978,74.71962078080857,677.560687,-1,0,0.0,0.0,0.0
planar,0.95,7,OpenCV-SQPNP-RANSAC-REFINE,True,False,168.95533277428166,2133.0944081060607,675.77595,-1,10,0.3,0.03,0.05454545454545455
planar,0.95,7,LoP4P,True,False,5.555178552764835,6.324996646664754,8125.305318,5000,51,0.9411764705882353,0.48,0.6357615894039734
planar,0.95,7,RPnP++,True,True,0.5916015769746042,0.4376786807941092,518.463064,569,92,0.967391304347826,0.89,0.9270833333333334
planar,0.05,8,OpenCV-P3P-RANSAC,True,True,1.8473237897982604,1.0597332797110202,1.211278,-1,83,1.0,0.83,0.9071038251366119
planar,0.05,8,OpenCV-AP3P-RANSAC,True,True,1.8473237897982604,1.0597332797110202,1.101644,-1,83,1.0,0.83,0.9071038251366119
planar,0.05,8,OpenCV-EPNP-RANSAC,True,True,0.5530475393134195,2.4887815525403143,2.362127,-1,85,1.0,0.85,0.9189189189189189
planar,0.05,8,OpenCV-SQPNP-RANSAC-REFINE,True,True,0.5322294692692364,1.3943136914202625,2.599657,-1,86,1.0,0.86,0.924731182795699
planar,0.05,8,LoP4P,True,True,1.7998717150089059,0.7079661778537519,20.545718,8,86,1.0,0.86,0.924731182795699
planar,0.05,8,RPnP++,True,True,0.57113608060597,0.5793238152316529,1.428802,2,88,1.0,0.88,0.9361702127659575
planar,0.25,8,OpenCV-P3P-RANSAC,True,False,3.2055717756082065,278.5030316845871,1.558257,-1,2,1.0,0.02,0.0392156862745098
planar,0.25,8,OpenCV-AP3P-RANSAC,True,False,3.2055717756082065,278.5030316845871,1.476004,-1,2,1.0,0.02,0.0392156862745098
planar,0.25,8,OpenCV-EPNP-RANSAC,True,False,6.483899704066966,651.9997682943053,11.728475,-1,2,1.0,0.02,0.0392156862745098
planar,0.25,8,OpenCV-SQPNP-RANSAC-REFINE,True,True,0.8828738483683424,1.0697605063602706,11.983251,-1,80,1.0,0.8,0.888888888888889
planar,0.25,8,LoP4P,True,True,1.3494727528498278,0.7094569718810436,43.370728,24,86,1.0,0.86,0.924731182795699
planar,0.25,8,RPnP++,True,True,0.571159541685125,0.5793154754895868,1.662454,3,88,1.0,0.88,0.9361702127659575
planar,0.5,8,OpenCV-P3P-RANSAC,True,False,1.705376019348201,29.876103714138214,5.04287,-1,12,0.8333333333333334,0.1,0.17857142857142858
planar,0.5,8,OpenCV-AP3P-RANSAC,True,False,1.705376019348201,29.876103714138214,5.212973,-1,12,0.8333333333333334,0.1,0.17857142857142858
planar,0.5,8,OpenCV-EPNP-RANSAC,True,True,3.9528595954253913,4.587600597757354,102.459086,-1,66,0.9848484848484849,0.65,0.7831325301204819
planar,0.5,8,OpenCV-SQPNP-RANSAC-REFINE,True,True,0.6518765675732049,0.4304324171597725,102.694666,-1,86,0.9883720930232558,0.85,0.9139784946236558
planar,0.5,8,LoP4P,True,True,1.3500612038633164,0.9082193266122067,201.48619,121,88,0.9886363636363636,0.87,0.925531914893617
planar,0.5,8,RPnP++,True,True,0.562570981268606,0.5594424391829015,3.688374,6,89,0.9887640449438202,0.88,0.9312169312169312
planar,0.7,8,OpenCV-P3P-RANSAC,True,True,1.5358100853987415,2.329433475668534,67.126466,-1,82,1.0,0.82,0.9010989010989011
planar,0.7,8,OpenCV-AP3P-RANSAC,True,True,1.5358100853987415,2.329433475668534,66.087315,-1,82,1.0,0.82,0.9010989010989011
planar,0.7,8,OpenCV-EPNP-RANSAC,True,True,1.871238138760372,1.2300639986949349,339.137493,-1,80,1.0,0.8,0.888888888888889
planar,0.7,8,OpenCV-SQPNP-RANSAC-REFINE,True,True,0.8295295870793348,0.43809576167895636,339.230511,-1,86,1.0,0.86,0.924731182795699
planar,0.7,8,LoP4P,True,True,1.3628991003590174,0.6893423517377294,1810.969297,1136,84,1.0,0.84,0.9130434782608696
planar,0.7,8,RPnP++,True,True,0.5714943634927864,0.5795347851014866,8.482564,18,88,1.0,0.88,0.9361702127659575
planar,0.8,8,OpenCV-P3P-RANSAC,True,True,1.6742967224572138,0.5999686851761364,209.875178,-1,81,0.9876543209876543,0.8,0.8839779005524862
planar,0.8,8,OpenCV-AP3P-RANSAC,True,True,1.6742967224572138,0.5999686851761364,206.363229,-1,81,0.9876543209876543,0.8,0.8839779005524862
planar,0.8,8,OpenCV-EPNP-RANSAC,True,False,16.529657373915107,13.74992159586089,377.586743,-1,22,0.9545454545454546,0.21,0.34426229508196726
planar,0.8,8,OpenCV-SQPNP-RANSAC-REFINE,True,False,5.826246755557193,7.140634976659496,377.30983,-1,41,0.975609756097561,0.4,0.5673758865248227
planar,0.8,8,LoP4P,True,True,2.1186546746380692,0.564003027409041,7910.287507,5000,84,0.9880952380952381,0.83,0.9021739130434783
planar,0.8,8,RPnP++,True,True,0.2735936461309059,0.12218284475472155,29.057349,35,92,0.9891304347826086,0.91,0.9479166666666667
planar,0.9,8,OpenCV-P3P-RANSAC,True,True,4.025243879406265,0.9827810647215144,303.913889,-1,71,0.971830985915493,0.69,0.8070175438596492
planar,0.9,8,OpenCV-AP3P-RANSAC,True,True,4.025243879406265,0.9827810647215144,300.114344,-1,71,0.971830985915493,0.69,0.8070175438596492
planar,0.9,8,OpenCV-EPNP-RANSAC,True,False,86.53968488761434,80.17206385285624,476.232197,-1,3,0.0,0.0,0.0
planar,0.9,8,OpenCV-SQPNP-RANSAC-REFINE,True,False,84.2436632743118,4122.969546272195,476.889943,-1,10,0.1,0.01,0.01818181818181818
planar,0.9,8,LoP4P,True,True,2.5353504934944597,0.8787384711414221,7948.090385,5000,72,1.0,0.72,0.8372093023255813
planar,0.9,8,RPnP++,True,True,0.6207330540587853,0.1549095497358131,189.920493,149,90,0.9888888888888889,0.89,0.9368421052631579
planar,0.95,8,OpenCV-P3P-RANSAC,True,False,14.415285116230923,1.0868333407745299,491.08597,-1,38,0.7631578947368421,0.29,0.4202898550724638
planar,0.95,8,OpenCV-AP3P-RANSAC,True,False,14.415285116230923,1.0868333407745299,481.162785,-1,38,0.7631578947368421,0.29,0.4202898550724638
planar,0.95,8,OpenCV-EPNP-RANSAC,True,False,154.6272458837644,2.3396218813144236e+62,667.521992,-1,0,0.0,0.0,0.0
planar,0.95,8,OpenCV-SQPNP-RANSAC-REFINE,True,False,111.72410417431969,4703.748119748835,669.39878,-1,19,0.05263157894736842,0.01,0.016806722689075633
planar,0.95,8,LoP4P,True,False,7.253623204461971,2.871584879965228,8426.051441,5000,49,0.8775510204081632,0.43,0.5771812080536912
planar,0.95,8,RPnP++,True,True,0.6177598683701794,0.3943990776493216,996.51203,534,94,0.9361702127659575,0.88,0.9072164948453608
planar,0.05,9,OpenCV-P3P-RANSAC,True,True,1.7421334294373225,1.8917215125651674,0.900306,-1,85,1.0,0.85,0.9189189189189189
planar,0.05,9,OpenCV-AP3P-RANSAC,True,True,1.7421334294373225,1.8917215125651674,0.819795,-1,85,1.0,0.85,0.9189189189189189
planar,0.05,9,OpenCV-EPNP-RANSAC,True,True,1.0352699597481307,0.10560758461789219,4.904518,-1,88,1.0,0.88,0.9361702127659575
planar,0.05,9,OpenCV-SQPNP-RANSAC-REFINE,True,True,1.2695981802600067,1.120666780206501,5.164933,-1,85,1.0,0.85,0.9189189189189189
planar,0.05,9,LoP4P,True,True,2.1293453017720663,0.7614849061251179,22.774579,7,89,1.0,0.89,0.9417989417989417
planar,0.05,9,RPnP++,True,True,1.3190710809406634,0.9528098204573456,0.8789,1,89,1.0,0.89,0.9417989417989417
planar,0.25,9,OpenCV-P3P-RANSAC,True,True,0.9669560970493457,0.4693272956939467,1.680216,-1,88,1.0,0.88,0.9361702127659575
planar,0.25,9,OpenCV-AP3P-RANSAC,True,True,0.9669560970493457,0.4693272956939467,1.660043,-1,88,1.0,0.88,0.9361702127659575
planar,0.25,9,OpenCV-EPNP-RANSAC,True,False,2.0820119087945637,10.028246078994437,4.388094,-1,31,1.0,0.31,0.47328244274809156
planar,0.25,9,OpenCV-SQPNP-RANSAC-REFINE,True,True,1.7435545900426506,0.4314765652841978,4.725156,-1,86,1.0,0.86,0.924731182795699
planar,0.25,9,LoP4P,True,True,1.0114111289044772,0.5962401899795013,44.940785,23,87,1.0,0.87,0.9304812834224598
planar,0.25,9,RPnP++,True,True,0.9057037751123762,0.4979052993129121,1.515804,2,90,1.0,0.9,0.9473684210526316
planar,0.5,9,OpenCV-P3P-RANSAC,True,True,2.5355322085582133,1.0029106051209435,6.648441,-1,82,0.9878048780487805,0.81,0.8901098901098902
planar,0.5,9,OpenCV-AP3P-RANSAC,True,True,2.5355322085582133,1.0029106051209435,6.418185,-1,82,0.9878048780487805,0.81,0.8901098901098902
planar,0.5,9,OpenCV-EPNP-RANSAC,True,True,1.3667258555259565,0.760370862720716,33.124604,-1,83,0.9879518072289156,0.82,0.8961748633879781
planar,0.5,9,OpenCV-SQPNP-RANSAC-REFINE,True,True,1.1905042180608505,0.7527932027281512,33.279565,-1,84,0.9880952380952381,0.83,0.9021739130434783
planar,0.5,9,LoP4P,True,True,0.7332051740730255,0.4061045214083059,176.479452,110,90,0.9888888888888889,0.89,0.9368421052631579
planar,0.5,9,RPnP++,True,True,0.8797146045574873,0.48472066448026946,4.054347,14,90,0.9888888888888889,0.89,0.9368421052631579
planar,0.7,9,OpenCV-P3P-RANSAC,True,True,0.7788925718972812,5.417871566597904,72.539867,-1,63,1.0,0.63,0.7730061349693252
planar,0.7,9,OpenCV-AP3P-RANSAC,True,True,0.7788925718972812,5.417871566597904,72.438977,-1,63,1.0,0.63,0.7730061349693252
planar,0.7,9,OpenCV-EPNP-RANSAC,True,True,0.7167042951198578,0.31657592641394294,344.601884,-1,87,1.0,0.87,0.9304812834224598
planar,0.7,9,OpenCV-SQPNP-RANSAC-REFINE,True,True,1.91816587526417,1.2021115714827681,340.787687,-1,86,1.0,0.86,0.924731182795699
planar,0.7,9,LoP4P,True,True,0.9836653457128866,0.37339515760512276,1527.160981,987,87,1.0,0.87,0.9304812834224598
planar,0.7,9,RPnP++,True,True,0.9032967299253559,0.49839155027441817,10.739218,16,90,1.0,0.9,0.9473684210526316
planar,0.8,9,OpenCV-P3P-RANSAC,True,True,1.524442225432693,0.4736993374829741,207.992648,-1,85,1.0,0.85,0.9189189189189189
planar,0.8,9,OpenCV-AP3P-RANSAC,True,True,1.524442225432693,0.4736993374829741,203.745452,-1,85,1.0,0.85,0.9189189189189189
planar,0.8,9,OpenCV-EPNP-RANSAC,True,True,4.374926089877852,4.81588581186234,373.259143,-1,65,1.0,0.65,0.787878787878788
planar,0.8,9,OpenCV-SQPNP-RANSAC-REFINE,True,True,2.919637280219864,3.5040390921725124,374.133397,-1,75,1.0,0.75,0.8571428571428571
planar,0.8,9,LoP4P,True,True,0.7047377935009851,0.37498766204370454,6737.065043,4385,90,1.0,0.9,0.9473684210526316
planar,0.8,9,RPnP++,True,True,0.9277140811070891,0.5270922526951224,17.712947,36,90,1.0,0.9,0.9473684210526316
planar,0.9,9,OpenCV-P3P-RANSAC,True,True,3.41189893047428,1.3359310316332635,298.37608,-1,64,1.0,0.64,0.7804878048780487
planar,0.9,9,OpenCV-AP3P-RANSAC,True,True,3.41189893047428,1.3359310316332635,314.912181,-1,64,1.0,0.64,0.7804878048780487
planar,0.9,9,OpenCV-EPNP-RANSAC,True,False,93.43166862104948,48.9389937612688,472.534486,-1,2,0.0,0.0,0.0
planar,0.9,9,OpenCV-SQPNP-RANSAC-REFINE,True,False,84.23413367873773,41.35845963041254,471.134876,-1,11,0.9090909090909091,0.1,0.1801801801801802
planar,0.9,9,LoP4P,True,True,1.5298282185942262,0.30223202247887376,7823.486337,5000,87,1.0,0.87,0.9304812834224598
planar,0.9,9,RPnP++,True,True,0.9382202256816896,0.5871701681274338,193.721589,209,90,1.0,0.9,0.9473684210526316
planar,0.95,9,OpenCV-P3P-RANSAC,True,False,79.38673317199334,5.000016397049363,483.758829,-1,22,0.9090909090909091,0.2,0.32786885245901637
planar,0.95,9,OpenCV-AP3P-RANSAC,True,False,79.38673317199334,5.000016397049363,477.621833,-1,22,0.9090909090909091,0.2,0.32786885245901637
planar,0.95,9,OpenCV-EPNP-RANSAC,True,False,164.31541749171677,70.11675744862164,667.923972,-1,3,0.0,0.0,0.0
planar,0.95,9,OpenCV-SQPNP-RANSAC-REFINE,True,False,149.50044017438674,1794.5659804671993,668.215859,-1,12,0.08333333333333333,0.01,0.017857142857142856
planar,0.95,9,LoP4P,True,False,5.679374310293273,4.6840928289949835,8261.834377,5000,53,0.9811320754716981,0.52,0.6797385620915032
planar,0.95,9,RPnP++,True,True,1.0692250430784138,0.6722283555782274,664.975444,557,91,0.978021978021978,0.89,0.9319371727748691
ordinary-3d,0.97,0,RPnP++,True,True,0.0461261553848261,0.012886094695925169,1749.959132,1580,91,0.967032967032967,0.88,0.9214659685863875
ordinary-3d,0.97,1,RPnP++,True,True,0.09740633602933577,0.3075959925580408,1980.65845,2144,96,0.96875,0.93,0.9489795918367346
ordinary-3d,0.97,2,RPnP++,True,True,0.19253061670750668,0.631132675137712,1756.515752,1851,82,0.9878048780487805,0.81,0.8901098901098902
ordinary-3d,0.97,3,RPnP++,True,True,0.24259334897378348,0.3777795942683639,2026.994684,2156,93,0.967741935483871,0.9,0.9326424870466321
ordinary-3d,0.97,4,RPnP++,True,True,0.22659635110621895,0.32789768242279516,2128.432242,2317,87,0.9885057471264368,0.86,0.9197860962566845
ordinary-3d,0.97,5,RPnP++,True,True,0.46848729014326346,0.15520256335443847,1761.81404,1895,83,0.9879518072289156,0.82,0.8961748633879781
ordinary-3d,0.97,6,RPnP++,True,True,0.3782668699580346,0.29720987102520513,1482.470961,1580,92,0.9891304347826086,0.91,0.9479166666666667
ordinary-3d,0.97,7,RPnP++,True,True,0.155521835947595,0.41138543017102724,1673.61486,1808,86,0.9883720930232558,0.85,0.9139784946236558
ordinary-3d,0.97,8,RPnP++,True,True,0.49931563873474527,0.17880546447621568,1428.195127,1514,90,0.9777777777777777,0.88,0.9263157894736842
ordinary-3d,0.97,9,RPnP++,True,True,0.1053166674067224,0.20916618001685003,1468.329198,1546,89,0.9887640449438202,0.88,0.9312169312169312
quasi-singular,0.97,0,RPnP++,True,True,0.7354938355588204,1.1236987872176933,3471.564485,1514,89,0.9662921348314607,0.86,0.9100529100529101
quasi-singular,0.97,1,RPnP++,True,True,0.6103457750269664,1.4296500563825436,2880.043366,1236,96,0.875,0.84,0.8571428571428572
quasi-singular,0.97,2,RPnP++,True,True,0.245679211819582,0.4620740118403555,3142.239887,1261,95,0.8736842105263158,0.83,0.8512820512820513
quasi-singular,0.97,3,RPnP++,True,True,0.5750138597638857,0.7402938401413497,3008.42031,1365,94,0.9361702127659575,0.88,0.9072164948453608
quasi-singular,0.97,4,RPnP++,True,True,0.8788629495412387,2.080450802222296,2958.688177,1147,98,0.8571428571428571,0.84,0.8484848484848485
quasi-singular,0.97,5,RPnP++,True,True,0.29596674501818854,0.856737335414709,2767.826295,1190,98,0.8775510204081632,0.86,0.8686868686868686
quasi-singular,0.97,6,RPnP++,True,True,0.5288364454628335,0.1727746203741201,2928.228486,1421,97,0.9072164948453608,0.88,0.8934010152284264
quasi-singular,0.97,7,RPnP++,True,True,0.17793606210026924,0.31339582725943904,2817.502601,1311,92,0.9456521739130435,0.87,0.90625
quasi-singular,0.97,8,RPnP++,True,True,0.5315798443961138,2.035120319214462,3100.393846,1337,96,0.8958333333333334,0.86,0.8775510204081632
quasi-singular,0.97,9,RPnP++,True,True,1.2107733178705156,1.963341727683474,3879.032827,1285,92,0.8804347826086957,0.81,0.84375
planar,0.97,0,RPnP++,True,True,0.8020795071206522,0.12841322251123116,2589.669257,1213,105,0.8571428571428571,0.9,0.8780487804878048
planar,0.97,1,RPnP++,True,True,0.48023301502430465,0.301166415522796,2397.7876,1451,96,0.9166666666666666,0.88,0.8979591836734694
planar,0.97,2,RPnP++,True,True,0.5576800089514089,1.210144640536975,2740.61685,1876,98,0.9183673469387755,0.9,0.9090909090909091
planar,0.97,3,RPnP++,True,True,0.5151406516353902,0.5278119385879038,1584.160786,1213,104,0.9326923076923077,0.97,0.9509803921568627
planar,0.97,4,RPnP++,True,True,1.332902221184112,0.7665950037209234,1706.453774,1365,97,0.9072164948453608,0.88,0.8934010152284264
planar,0.97,5,RPnP++,True,True,1.0973985609247228,0.6121669903333097,2102.372444,1688,86,0.9534883720930233,0.82,0.8817204301075269
planar,0.97,6,RPnP++,True,True,0.6047965713327061,0.44279864531845453,2216.335301,1168,105,0.8666666666666667,0.91,0.8878048780487805
planar,0.97,7,RPnP++,True,True,0.6752317488833696,0.34284685974242896,1997.250881,1514,94,0.9468085106382979,0.89,0.9175257731958764
planar,0.97,8,RPnP++,True,True,0.3382964977737408,0.3796550543202194,2654.925001,1236,104,0.8461538461538461,0.88,0.8627450980392156
planar,0.97,9,RPnP++,True,True,1.17034625160133,0.7239779734899877,3849.035816,2496,91,0.967032967032967,0.88,0.9214659685863875
ordinary-3d,0.97,0,OpenCV-AP3P-RANSAC,True,True,3.508290478808833,0.2656817597810171,742.113969,-1,44,1.0,0.44,0.6111111111111112
ordinary-3d,0.97,0,OpenCV-EPNP-RANSAC,True,False,162.11247593310142,9.321303772302542,1003.823861,-1,7,0.0,0.0,0.0
ordinary-3d,0.97,0,OpenCV-SQPNP-RANSAC-REFINE,True,False,162.11492404088062,9.07614155200259,1002.310832,-1,7,0.0,0.0,0.0
ordinary-3d,0.97,0,LoP4P,True,False,37.56564199457996,316.80066107309193,10380.90293,5000,8,0.125,0.01,0.018518518518518517
ordinary-3d,0.97,1,OpenCV-AP3P-RANSAC,True,False,156.68994544554405,393.4022464277859,743.417561,-1,11,0.0,0.0,0.0
ordinary-3d,0.97,1,OpenCV-EPNP-RANSAC,True,False,175.64324819511424,15.722628982399101,999.970455,-1,5,0.2,0.01,0.019047619047619046
ordinary-3d,0.97,1,OpenCV-SQPNP-RANSAC-REFINE,True,False,175.63894234025193,15.376273125322026,1000.07618,-1,6,0.16666666666666666,0.01,0.018867924528301886
ordinary-3d,0.97,1,LoP4P,True,False,61.060364751258284,157.1413228810485,10280.28719,5000,9,0.0,0.0,0.0
ordinary-3d,0.97,2,OpenCV-AP3P-RANSAC,True,True,0.30874895872793795,0.6324904485843643,744.652319,-1,78,0.9871794871794872,0.77,0.8651685393258428
ordinary-3d,0.97,2,OpenCV-EPNP-RANSAC,True,False,103.49316738489524,27.129895934484715,1005.248477,-1,8,0.0,0.0,0.0
ordinary-3d,0.97,2,OpenCV-SQPNP-RANSAC-REFINE,True,False,103.48420469934246,27.143637398446792,999.700271,-1,7,0.0,0.0,0.0
ordinary-3d,0.97,2,LoP4P,True,False,139.6535610860514,43.389220027974424,10330.815687,5000,8,0.0,0.0,0.0
ordinary-3d,0.97,3,OpenCV-AP3P-RANSAC,True,False,152.11735674809404,55.90076325553394,740.079292,-1,9,0.0,0.0,0.0
ordinary-3d,0.97,3,OpenCV-EPNP-RANSAC,True,False,86.89511913927501,10.91118521444326,997.053233,-1,8,0.25,0.02,0.037037037037037035
ordinary-3d,0.97,3,OpenCV-SQPNP-RANSAC-REFINE,True,False,87.01832530406175,11.061031020357232,998.132184,-1,8,0.25,0.02,0.037037037037037035
ordinary-3d,0.97,3,LoP4P,True,False,156.98587680092612,39.717528963365936,10253.894708,5000,7,0.14285714285714285,0.01,0.018691588785046728
ordinary-3d,0.97,4,OpenCV-AP3P-RANSAC,True,True,0.984484375120019,0.25870267732782204,744.157494,-1,80,0.9875,0.79,0.8777777777777778
ordinary-3d,0.97,4,OpenCV-EPNP-RANSAC,True,False,125.59554713087293,10.058899722606844,999.939576,-1,8,0.125,0.01,0.018518518518518517
ordinary-3d,0.97,4,OpenCV-SQPNP-RANSAC-REFINE,True,False,125.5040538252645,10.201029886490494,996.348793,-1,8,0.125,0.01,0.018518518518518517
ordinary-3d,0.97,4,LoP4P,True,False,157.62708096437106,10.616447943221134,10291.298758,5000,9,0.0,0.0,0.0
ordinary-3d,0.97,5,OpenCV-AP3P-RANSAC,True,False,61.0493471455686,55.15576291934433,738.183236,-1,8,0.0,0.0,0.0
ordinary-3d,0.97,5,OpenCV-EPNP-RANSAC,True,False,125.26365743391501,81.64226519721679,999.389539,-1,6,0.0,0.0,0.0
ordinary-3d,0.97,5,OpenCV-SQPNP-RANSAC-REFINE,True,False,124.86979373056063,79.05254118640653,1016.346802,-1,6,0.0,0.0,0.0
ordinary-3d,0.97,5,LoP4P,True,True,3.121188367871067,1.0313710275184758,10229.169142,5000,43,1.0,0.43,0.6013986013986015
ordinary-3d,0.97,6,OpenCV-AP3P-RANSAC,True,True,0.9336632554936469,0.7317210596525453,742.793816,-1,80,0.9875,0.79,0.8777777777777778
ordinary-3d,0.97,6,OpenCV-EPNP-RANSAC,True,False,153.39459240779607,178.4090708244856,1006.184305,-1,6,0.16666666666666666,0.01,0.018867924528301886
ordinary-3d,0.97,6,OpenCV-SQPNP-RANSAC-REFINE,True,False,153.4041435605698,176.15296830600815,1007.851169,-1,6,0.16666666666666666,0.01,0.018867924528301886
ordinary-3d,0.97,6,LoP4P,True,False,165.8722465352799,689.239843717047,10400.646324,5000,9,0.0,0.0,0.0
ordinary-3d,0.97,7,OpenCV-AP3P-RANSAC,True,True,2.3242672296576417,0.34212055077634584,741.861574,-1,55,1.0,0.55,0.7096774193548387
ordinary-3d,0.97,7,OpenCV-EPNP-RANSAC,True,False,98.4987169170967,19.946676834386707,996.680077,-1,7,0.42857142857142855,0.03,0.056074766355140186
ordinary-3d,0.97,7,OpenCV-SQPNP-RANSAC-REFINE,True,False,99.00423493483537,18.815424177732037,1004.225877,-1,7,0.42857142857142855,0.03,0.056074766355140186
ordinary-3d,0.97,7,LoP4P,True,False,148.97519967200634,7.558502445328822,10334.538077,5000,7,0.14285714285714285,0.01,0.018691588785046728
ordinary-3d,0.97,8,OpenCV-AP3P-RANSAC,True,True,0.36720751157679077,0.3386981934273183,745.928302,-1,86,0.9767441860465116,0.84,0.9032258064516129
ordinary-3d,0.97,8,OpenCV-EPNP-RANSAC,True,False,131.22393127941757,4010.7898218181795,998.548318,-1,7,0.0,0.0,0.0
ordinary-3d,0.97,8,OpenCV-SQPNP-RANSAC-REFINE,True,False,115.33923969199272,6046.931487647234,1007.113589,-1,7,0.0,0.0,0.0
ordinary-3d,0.97,8,LoP4P,True,False,93.34846983999108,300.4378586464567,10306.435226,5000,10,0.1,0.01,0.01818181818181818
ordinary-3d,0.97,9,OpenCV-AP3P-RANSAC,True,False,60.016541745803934,13.822997936311051,746.964469,-1,10,0.0,0.0,0.0
ordinary-3d,0.97,9,OpenCV-EPNP-RANSAC,True,False,145.41467776801372,14.806789379913102,997.456279,-1,8,0.0,0.0,0.0
ordinary-3d,0.97,9,OpenCV-SQPNP-RANSAC-REFINE,True,False,145.73266220943708,14.020894995756706,997.443982,-1,8,0.0,0.0,0.0
ordinary-3d,0.97,9,LoP4P,True,False,56.4183548639977,41.233307583210554,10316.808598,5000,9,0.0,0.0,0.0
quasi-singular,0.97,0,OpenCV-AP3P-RANSAC,True,True,4.442779640246618,1.300944086588194,753.858957,-1,63,0.9206349206349206,0.58,0.7116564417177913
quasi-singular,0.97,0,OpenCV-EPNP-RANSAC,True,False,5.2542125387241025,10.505395579700162,984.822026,-1,45,0.7555555555555555,0.34,0.4689655172413793
quasi-singular,0.97,0,OpenCV-SQPNP-RANSAC-REFINE,True,False,5.192442388629587,10.406711990536627,986.710158,-1,47,0.723404255319149,0.34,0.4625850340136055
quasi-singular,0.97,0,LoP4P,True,False,120.3838480478015,107.42974871985882,11406.308526,5000,22,0.045454545454545456,0.01,0.016393442622950817
quasi-singular,0.97,1,OpenCV-AP3P-RANSAC,True,False,19.567207336095773,3.6481677050132335,747.487038,-1,27,0.5925925925925926,0.16,0.25196850393700787
quasi-singular,0.97,1,OpenCV-EPNP-RANSAC,True,False,5.717795987089589,4.776395756968137,993.075025,-1,48,0.7916666666666666,0.38,0.5135135135135135
quasi-singular,0.97,1,OpenCV-SQPNP-RANSAC-REFINE,True,False,5.757169607621779,4.410098706251164,986.063688,-1,48,0.7916666666666666,0.38,0.5135135135135135
quasi-singular,0.97,1,LoP4P,True,True,2.559117462835669,6.502564367990928,11339.244638,5000,72,0.8472222222222222,0.61,0.7093023255813953
quasi-singular,0.97,2,OpenCV-AP3P-RANSAC,True,True,3.2546826649090748,5.134384097811048,764.093899,-1,64,0.828125,0.53,0.6463414634146342
quasi-singular,0.97,2,OpenCV-EPNP-RANSAC,True,False,114.98828772210636,100.76862279137788,1004.974144,-1,25,0.08,0.02,0.032
quasi-singular,0.97,2,OpenCV-SQPNP-RANSAC-REFINE,True,False,113.74330903971017,103.02789442292612,1008.503359,-1,25,0.08,0.02,0.032
quasi-singular,0.97,2,LoP4P,True,False,145.31550928358055,72.64923307824291,11370.39823,5000,28,0.0,0.0,0.0
quasi-singular,0.97,3,OpenCV-AP3P-RANSAC,True,False,14.374060779212575,3.0653200162387075,747.564393,-1,25,0.28,0.07,0.112
quasi-singular,0.97,3,OpenCV-EPNP-RANSAC,True,False,9.84069639207072,14.933545821747304,983.699756,-1,29,0.7241379310344828,0.21,0.3255813953488372
quasi-singular,0.97,3,OpenCV-SQPNP-RANSAC-REFINE,True,False,10.011612823066496,17.18103029851081,1007.031128,-1,28,0.75,0.21,0.328125
quasi-singular,0.97,3,LoP4P,True,False,21.38892123739603,4.117243105581964,11301.125049,5000,23,0.30434782608695654,0.07,0.11382113821138212
quasi-singular,0.97,4,OpenCV-AP3P-RANSAC,True,True,2.0281221473575344,3.8999908161863828,752.766548,-1,74,0.8648648648648649,0.64,0.7356321839080459
quasi-singular,0.97,4,OpenCV-EPNP-RANSAC,True,False,132.2867819988135,178.41971088522791,993.363558,-1,23,0.08695652173913043,0.02,0.032520325203252036
quasi-singular,0.97,4,OpenCV-SQPNP-RANSAC-REFINE,True,False,131.48259397317682,184.54283388123332,1002.637468,-1,24,0.08333333333333333,0.02,0.03225806451612903
quasi-singular,0.97,4,LoP4P,True,False,13.932849615842612,12.064331442572874,11457.943109,5000,26,0.5,0.13,0.20634920634920637
quasi-singular,0.97,5,OpenCV-AP3P-RANSAC,True,False,7.152568457640304,5.513158592170805,747.476011,-1,50,0.8,0.4,0.5333333333333333
quasi-singular,0.97,5,OpenCV-EPNP-RANSAC,True,False,5.508776072864579,8.257950172580216,985.394278,-1,32,0.59375,0.19,0.2878787878787879
quasi-singular,0.97,5,OpenCV-SQPNP-RANSAC-REFINE,True,False,5.194274485839219,7.216559518437281,986.703608,-1,34,0.6470588235294118,0.22,0.3283582089552239
quasi-singular,0.97,5,LoP4P,True,True,1.1814090724581559,2.396050185965952,11449.737926,5000,92,0.8913043478260869,0.82,0.8541666666666666
quasi-singular,0.97,6,OpenCV-AP3P-RANSAC,True,False,3.2013608564601235,16.159793845042483,749.816264,-1,29,0.7586206896551724,0.22,0.34108527131782945
quasi-singular,0.97,6,OpenCV-EPNP-RANSAC,True,False,10.987030218928519,58.56229795924224,989.025311,-1,28,0.5714285714285714,0.16,0.25
quasi-singular,0.97,6,OpenCV-SQPNP-RANSAC-REFINE,True,False,11.895608027806528,62.517242003915726,993.95734,-1,28,0.5714285714285714,0.16,0.25
quasi-singular,0.97,6,LoP4P,True,False,176.6763525776406,19.554834073261233,11293.256355,5000,19,0.05263157894736842,0.01,0.016806722689075633
quasi-singular,0.97,7,OpenCV-AP3P-RANSAC,True,False,9.344466176835722,7.315578103366059,750.070712,-1,34,0.7058823529411765,0.24,0.3582089552238806
quasi-singular,0.97,7,OpenCV-EPNP-RANSAC,True,False,155.70224127034047,221.28889119216132,993.966398,-1,24,0.041666666666666664,0.01,0.016129032258064516
quasi-singular,0.97,7,OpenCV-SQPNP-RANSAC-REFINE,True,False,155.80008814326413,221.70119776590965,994.120182,-1,24,0.041666666666666664,0.01,0.016129032258064516
quasi-singular,0.97,7,LoP4P,True,False,164.7281042586768,4088.607653442064,11353.034634,5000,21,0.047619047619047616,0.01,0.01652892561983471
quasi-singular,0.97,8,OpenCV-AP3P-RANSAC,True,False,101.25089356874804,66.13730417478251,746.615606,-1,24,0.0,0.0,0.0
quasi-singular,0.97,8,OpenCV-EPNP-RANSAC,True,False,63.57542745176741,172.3317573155899,986.126498,-1,22,0.045454545454545456,0.01,0.016393442622950817
quasi-singular,0.97,8,OpenCV-SQPNP-RANSAC-REFINE,True,False,63.71508169187088,171.20023824017804,985.858661,-1,22,0.045454545454545456,0.01,0.016393442622950817
quasi-singular,0.97,8,LoP4P,True,False,17.169293088379014,35.68784330527552,11387.509559,5000,20,0.25,0.05,0.08333333333333334
quasi-singular,0.97,9,OpenCV-AP3P-RANSAC,True,False,10.292577718399063,1.6091698392082694,767.101565,-1,36,0.6666666666666666,0.24,0.3529411764705882
quasi-singular,0.97,9,OpenCV-EPNP-RANSAC,True,False,67.9625085396509,223.33000883903003,1008.401092,-1,27,0.14814814814814814,0.04,0.06299212598425197
quasi-singular,0.97,9,OpenCV-SQPNP-RANSAC-REFINE,True,False,68.21209214283915,224.49170858292842,1009.440057,-1,29,0.13793103448275862,0.04,0.062015503875969
quasi-singular,0.97,9,LoP4P,True,True,1.0253334265259235,3.4519711734148015,11463.146577,5000,84,0.8571428571428571,0.72,0.782608695652174
planar,0.97,0,OpenCV-AP3P-RANSAC,True,False,94.49793811364735,13.273030919136774,732.780809,-1,43,0.7209302325581395,0.31,0.43356643356643354
planar,0.97,0,OpenCV-EPNP-RANSAC,True,False,66.39423313023626,5.252040888170856e+60,932.559108,-1,0,0.0,0.0,0.0
planar,0.97,0,OpenCV-SQPNP-RANSAC-REFINE,True,False,147.351941132437,4249.25016065656,952.103764,-1,27,0.14814814814814814,0.04,0.06299212598425197
planar,0.97,0,LoP4P,True,False,6.246048585751698,0.15409823893437422,9012.69937,5000,63,0.8095238095238095,0.51,0.6257668711656442
planar,0.97,1,OpenCV-AP3P-RANSAC,True,False,29.36740051929455,3.14044073604796,725.436563,-1,21,0.2857142857142857,0.06,0.09917355371900825
planar,0.97,1,OpenCV-EPNP-RANSAC,True,False,135.82278907915565,5.149540153750122e+73,947.100771,-1,0,0.0,0.0,0.0
planar,0.97,1,OpenCV-SQPNP-RANSAC-REFINE,True,False,79.14740914860819,11658.249201405413,930.69118,-1,18,0.0,0.0,0.0
planar,0.97,1,LoP4P,True,False,5.982788905337936,5.073729688007203,8970.794469,5000,24,0.9166666666666666,0.22,0.3548387096774193
planar,0.97,2,OpenCV-AP3P-RANSAC,True,False,161.44827782016407,0.9318113623546873,719.5921,-1,29,0.896551724137931,0.26,0.40310077519379844
planar,0.97,2,OpenCV-EPNP-RANSAC,True,False,148.92382119666678,3.6535529516661906e+20,930.417673,-1,15,0.26666666666666666,0.04,0.06956521739130435
planar,0.97,2,OpenCV-SQPNP-RANSAC-REFINE,True,False,170.20264812664246,5006.199921409525,934.553626,-1,14,0.2857142857142857,0.04,0.07017543859649124
planar,0.97,2,LoP4P,True,False,157.5956226513355,14.769555631092413,8970.242677,5000,20,0.3,0.06,0.09999999999999999
planar,0.97,3,OpenCV-AP3P-RANSAC,True,True,2.457310757791408,1.4862968804413577,707.632539,-1,70,0.9285714285714286,0.65,0.7647058823529412
planar,0.97,3,OpenCV-EPNP-RANSAC,True,False,151.13761407149676,81.26637958084484,928.920949,-1,1,0.0,0.0,0.0
planar,0.97,3,OpenCV-SQPNP-RANSAC-REFINE,True,False,62.801775266901814,4914.166197369307,929.203831,-1,12,0.08333333333333333,0.01,0.017857142857142856
planar,0.97,3,LoP4P,True,False,52.320629880390676,19.72723288137888,8851.265816,5000,20,0.4,0.08,0.13333333333333333
planar,0.97,4,OpenCV-AP3P-RANSAC,True,False,25.35148928922282,5.7275108629196865,712.626148,-1,30,0.8,0.24,0.36923076923076925
planar,0.97,4,OpenCV-EPNP-RANSAC,True,False,139.78588497795252,1.0967531442852706e+16,934.571043,-1,4,0.0,0.0,0.0
planar,0.97,4,OpenCV-SQPNP-RANSAC-REFINE,True,False,121.33520003057224,4607.016721061288,943.25241,-1,11,0.0,0.0,0.0
planar,0.97,4,LoP4P,True,False,17.487196533728934,0.7963822633060481,8793.392754,5000,57,0.9298245614035088,0.53,0.6751592356687899
planar,0.97,5,OpenCV-AP3P-RANSAC,True,False,160.14609096756337,9.210915592319099,714.810611,-1,13,0.0,0.0,0.0
planar,0.97,5,OpenCV-EPNP-RANSAC,True,False,149.57753910842553,1.9012662312570102e+68,927.677099,-1,7,0.0,0.0,0.0
planar,0.97,5,OpenCV-SQPNP-RANSAC-REFINE,True,False,113.22986932873275,4678.15456905276,930.793116,-1,13,0.0,0.0,0.0
planar,0.97,5,LoP4P,True,False,104.06110940005568,64.69330796222417,8804.028617,5000,13,0.07692307692307693,0.01,0.01769911504424779
planar,0.97,6,OpenCV-AP3P-RANSAC,True,False,103.39719471039672,85.99265950846224,728.979736,-1,22,0.4090909090909091,0.09,0.14754098360655737
planar,0.97,6,OpenCV-EPNP-RANSAC,True,False,117.15097953182986,68.63424654783873,930.134364,-1,7,0.0,0.0,0.0
planar,0.97,6,OpenCV-SQPNP-RANSAC-REFINE,True,False,121.94531690462321,5261.005701317162,929.350331,-1,22,0.0,0.0,0.0
planar,0.97,6,LoP4P,True,False,155.86362337308884,30.639720391696756,9054.534319,5000,25,0.08,0.02,0.032
planar,0.97,7,OpenCV-AP3P-RANSAC,True,False,64.39907198023954,4.104897013087503,738.186699,-1,24,0.875,0.21,0.33870967741935487
planar,0.97,7,OpenCV-EPNP-RANSAC,True,False,116.43606834544265,76.65315103819891,950.408822,-1,1,0.0,0.0,0.0
planar,0.97,7,OpenCV-SQPNP-RANSAC-REFINE,True,False,153.88724642882303,7081.287350143167,940.924267,-1,11,0.09090909090909091,0.01,0.018018018018018018
planar,0.97,7,LoP4P,True,False,146.3512348734904,23.781616035215922,8889.349386,5000,16,0.0625,0.01,0.01724137931034483
planar,0.97,8,OpenCV-AP3P-RANSAC,True,False,10.553288145233187,1.3262516257888364,733.792414,-1,47,0.6382978723404256,0.3,0.4081632653061224
planar,0.97,8,OpenCV-EPNP-RANSAC,True,False,145.96652687946448,85.10217486156562,924.794853,-1,3,0.0,0.0,0.0
planar,0.97,8,OpenCV-SQPNP-RANSAC-REFINE,True,False,163.80536316703936,6172.979158974034,924.403899,-1,24,0.041666666666666664,0.01,0.016129032258064516
planar,0.97,8,LoP4P,True,False,26.174201693345026,31.850028001666775,9144.191726,5000,32,0.34375,0.11,0.16666666666666666
planar,0.97,9,OpenCV-AP3P-RANSAC,True,False,23.377238888233105,12.506896589174337,723.771347,-1,10,0.1,0.01,0.01818181818181818
planar,0.97,9,OpenCV-EPNP-RANSAC,True,False,72.14850491505095,84.97054254023573,924.761892,-1,1,0.0,0.0,0.0
planar,0.97,9,OpenCV-SQPNP-RANSAC-REFINE,True,False,172.19951773453317,3846.1193466463237,938.94903,-1,14,0.0,0.0,0.0
planar,0.97,9,LoP4P,True,False,71.63319848215329,58.279131146037514,9024.704012,5000,19,0.0,0.0,0.0
